WITHDRAWABLE - 1000V|Ausfahrbar - 1000V
SCR T7M-X1 48Va.c./d.c.|SCR T7M-X1 48Va.c./d.c.
AUX 2Q 400V + AUX 2Q 24V DC E1.2|AUX 2Q 400V + AUX 2Q 24V DC E1.2
EKIP/HT-LSIG|EKIP/HT-LSIG
Kit HR (Rear Horizontal) T7-T7M-X1 8pcs|Kit HR (Rear Horizontal) T7-T7M-X1 8pcs
EXTENDED FRONT TERMINALS|erweiterte, vorderseitige Anschlüsse
SOR2 T7-T7M-X1 30Va.c./d.c.|SOR2 T7-T7M-X1 30Va.c./d.c.
Upper internal installed voltage outlets|Anschlüsse Spannungsmessung - Abgriff oben
A3|A3
N busbar copper dimension|Abmessungen N-Schiene
SOR T7-T7M-X1 480...500Va.c.|SOR T7-T7M-X1 480...500Va.c.
UVR E1.2..E6.2 120-127 V AC/DC|UVR E1.2..E6.2 120-127 V AC/DC
External 15 AUX Open/Closed (V<24V) X1|External 15 AUX Open/Closed (V<24V) X1 
PR331/P-LSI|PR331/P-LSI
GlazedDouble|Doppeltüre mit Sichtscheibe
|
EKIP-I|EKIP-I
THERMOMAGNETIC 10XIth DC|THERMOMAGNETIC 10x Ith DC
Busbar for kit combination|DE Busbar for kit combination
Toroid for RC protection for PR332/PR333|Toroid for RC protection for PR332/PR333
1/2 Kit EF (Front Extended) T7-T7M-X1 3pcs|1/2 Kit EF (Front Extended) T7-T7M-X1 3pcs
KLP-D Ronis Profalux Kirk key lock racked in/out position E2.2..E6.2 first key|KLP-D Ronis Profalux Kirk key lock racked in/out position E2.2..E6.2 first key
External neutral In=200A X1|External neutral In=200A X1
FIAT type insert for lever handle|Betätigungsdorn Typ FIAT für den Einsatz im Verschlussmechanismus
Orientation|Ausrichtung
-|-
Kit extended front terminals (EF) E1.2 F 4pcs inst|KIT EF (Vorderseitig erweitert)  E1.2 F 4Stk
LTC T7-T7M-X1 F 4p Terminal covers low 2pcs|LTC T7-T7M-X1 4p Klemmenabdeckung niedrig 2Stk
1|1
Rating Plug RC R200 E1.2..E2.2 inst|Rating Plug RC R200 E1.2..E2.2 inst
WITHDRAWABLE|Ausfahrbar
Kit horizontal rear spread terminals (SHR) E2.2 Iu=2500 3pcs inst|Kit horizontal rear spread terminals (SHR) E2.2 Iu=2500 3pcs inst
Finland|Finnland
Document Format|Dokumentenformat
<|<
>|>
Trip unit|Trip Unit
Kit 3 jumper U 4PS T7D/PV 1250 1100V DC|Kit 3 jumper U 4PS T7D/PV 1250 1100V DC
Kit horizontal rear spread terminals (SHR) E2.2 Iu=2000 3pcs inst|Kit horizontal rear spread terminals (SHR) E2.2 Iu=2000 3pcs inst
Ekip Control Panel license extension to 30 circuit-breakers|Ekip Kontrolleinheit Lizenz zur Erweiterung auf 30 Leistungsschalter
Low  E1.2 3P F 2pcs|Niedrig  E1.2 3P 2Stk
1/2 Kit HR (Rear Horizontal) T7-T7M-X1 3pcs|1/2 Kit HR (Rear Horizontal) T7-T7M-X1 3pcs
Selection|Auswahl
1000|1000
PR330/V with internal socket for PR332/P T7|PR330/V with internal socket for PR332/P T7
Data Collection|Zusammenfassung
N/PE busbar system|N/PE Sammelschienensystem
Key lock|Schlüsselschloss
Kit R (Rear) T7-T7M-X1 8pcs|Kit R (Rear) T7-T7M-X1 8pcs
Padlockable lever handle (spare)|Hebelgriff für Vorhängeschloss
EKIP-LSIG|EKIP-LSIG
Kit vertical rear terminals (VR) E6.2 Iu=6300 4p/f 4pcs inst|Kit vertical rear terminals (VR) E6.2 Iu=6300 4p/f 4pcs inst
KLC-D key lock in open position E1.2|KLC-D key lock in open position E1.2
SOR2 T7-T7M-X1 120...127Va.c./d.c.|SOR2 T7-T7M-X1 120...127Va.c./d.c.
Panel product line|Produktlinie
UVR T7-T7M-X1 220...240Va.c./d.c.|UVR T7-T7M-X1 220...240Va.c./d.c.
SOR T7-T7M-X1 120...127Va.c./d.c.|SOR T7-T7M-X1 120...127Va.c./d.c.
Kit front terminal (F) E4.2 F 4pcs inst|Kit front terminal (F) E4.2 F 4pcs inst
M T7M-X1 100...130Vac/dc|M T7M-X1 100...130Vac/dc
Kit vertical rear spread terminals (SVR) E2.2 Iu=2000 3pcs inst|Kit vertical rear spread terminals (SVR) E2.2 Iu=2000 3pcs inst
2100|2100
1250|1250
End column must not be a corner|Das letzte Feld darf kein Eckfeld sein
Ronis insert 2432 and key for standard handle|Ronis Einsatz 2432 + Schlüssel für Stand. Griff
Red|Rot
MCP/UL|MCP/UL
100 mm|100 mm
Intelligent Tier Switch (ITS2.D) with integrated Display
Ekip Supply 24-48V DC E1.2..E6.2|Ekip Supply 24-48V DC E1.2..E6.2
UVR E1.2..E6.2 30 V AC/DC|UVR E1.2..E6.2 30 V AC/DC
X1B/E 800 1000V AC special version|X1B/E 800 1000V AC special version
PR111/P LSI|PR111/P LSI
Add|hinzufügen
Flange IP54 Ch. diverse E2.2...E6.2|Flange IP54 Ch. diverse E2.2...E6.2
PR330/D-M T7-T7M-X1|PR330/D-M T7-T7M-X1
Offset Position
3xM12 Universal Bolt|3x M12 Bolzen
Save Configuration|Konfiguration speichern
KLF-S T7 with same keys (N.20007) for rotary handle|KLF-S T7 with same keys (N.20007) for rotary handle
Kit vertical rear spread terminals (SVR) E2.2 Iu=2500 3pcs inst|Kit vertical rear spread terminals (SVR) E2.2 Iu=2500 3pcs inst
YC2  E1.2..E6.2 24 V AC/DC|YC2  E1.2..E6.2 24 V AC/DC
UVD 48 V  AC/DC|UVD 48 V  AC/DC
PR211/P I|PR211/P I
Rating Plug 250 L OFF E1.2..E2.2 inst|Rating Plug 250 L OFF E1.2..E2.2 inst
Generate output documents
Trip Reset T7M-X1 110..130Vac/dc for AUX-SA|Trip Reset T7M-X1 110..130Vac/dc for AUX-SA
Loose item|Einzelne Artikel
"No.10 preconfigurated cable entry flanges
for 18 cables Ø min/max 7/14 and
10 cables Ø min/max 4/10mm"|"10ST Flanscheinsätze für
Rating Plug 3200 L OFF E4.2..E6.2 inst|Rating Plug 3200 L OFF E4.2..E6.2 inst
THERMOMAGNETIC 5XIth|THERMOMAGNETIC 5x Ith
Kit front terminal (F) E6.2 F 4pcs inst|Kit front terminal (F) E6.2 F 4pcs inst
SOR2 T7-T7M-X1 380...400Va.c.|SOR2 T7-T7M-X1 380...400Va.c.
M  E1.2 24-30 V AC/DC|M  E1.2 24-30 V AC/DC
Ronis 455 insert and key for standard handle|Ronis Einsatz 455 + Schlüssel für Stand. Griff
Combiline Column|CombiLine-Feld
HTC T7-T7M-X1 F 3p Terminal covers High 2pcs|HTC T7-T7M-X1 F 3p Klemmenabdeckung hoch 2 Stück
Rating Plug 6300 L OFF E6.2 inst|Rating Plug 6300 L OFF E6.2 inst
Kit vertical rear terminals (VR) E6.2 Iu=5000 4pcs inst|Kit vertical rear terminals (VR) E6.2 Iu=5000 4pcs inst
External|extern
Bottom|Boden
Kit vertical rear terminals (VR) E6.2 Iu=6300 4pcs inst|Kit vertical rear terminals (VR) E6.2 Iu=6300 4pcs inst
PR212/P LSI|PR212/P LSI
MOC  E2.2..E6.2|MOC  E2.2..E6.2
Configurator|Konfigurator
Standard|Standard
Kit 2 jumper 2+2PS T7N-D/PV1000 UL1000VDC|Kit 2 jumper 2+2PS T7N-D/PV1000 UL1000VDC
DO NOT DISPLAY|DO NOT DISPLAY
1/2 Kit FC CuAl (Front for copper/aluminium cables) 2x240mm2 T7-T7M-X1 630 3pcs|1/2 Kit FC CuAl (Front for copper/aluminium cables) 2x240mm2 T7-T7M-X1 630 3pcs
Ronis 405 insert and key for standard handle|Ronis Einsatz 405 + Schlüssel für Stand. Griff
for XZ3..|für XZ3...
Ekip Com Devicenet E1.2..E6.2|Ekip Com Devicenet E1.2..E6.2
Rating plug RC In=1000A for PR332/PR333 LSIRc T7-T7M-X1|Rating plug RC In=1000A for PR332/PR333 LSIRc T7-T7M-X1
Bottom Panel|Bodenblech
N busbar copper lenght|Länge N-Schiene
Functional Width|Funktionelle Breite
PLC E2.2..E6.2 padlocks in open position D=4mm|PLC E2.2..E6.2 Verriegelung Vorhängeschloss AUS-Stellung D=4mm
THERMOMAGNETIC 10XIth|THERMOMAGNETIC 10x Ith
Kit horizontal rear terminals (HR) E1.2 F 3pcs inst|Kit horizontal rear terminals (HR) E1.2 F 3pcs inst
Ekip Com Modbus RS-485 E1.2..E6.2|Ekip Com Modbus RS-485 E1.2..E6.2
Kit FC CuAl (Front for copper/aluminium cables) 4x240mm2 T7-T7M-X1 1250 4pcs|Kit FC CuAl (Front for copper/aluminium cables) 4x240mm2 T7-T7M-X1 1250 4pcs
Kit vertical rear terminals (VR) E4.2 Iu=4000 4pcs inst|Kit vertical rear terminals (VR) E4.2 Iu=4000 4pcs inst
UVR T7-T7M-X1 500...550Va.c.|UVR T7-T7M-X1 500...550Va.c.
M  E2.2...E6.2 24-30 V AC/DC|M  E2.2...E6.2 24-30 V AC/DC
RHD_EM T7 Fixed/Withdrawable - Emergency, Direct|Direkt-RHD_EM T7 Festeinbau/Ausfahrbar - Notfall, Direkt
Reset 250 V AC/DC E1.2|Reset 250 V AC/DC E1.2
TMF FIXED THERMOMAGNETIC|TMF FIXED THERMOMAGNETIC
Ringkernstromwandler E1.2 ? E6.2 800
Info|Info
KLC X1 predisposition for Ronis key lock|KLC X1 predisposition for Ronis key lock
Switch disconnector fuse|Lasttrennschalter
PBC  D=8mm E1.2|PBC  D=8mm E1.2
Electronic Fuse Monitoring (EFM)
Eyebolt for lifting?|Transportösen
Reset 24 V DC E1.2|Reset 24 V DC E1.2
AUX-SA T7M-X1 1 S51 24Vd.c.|AUX-SA T7M-X1 1 S51 24Vd.c.
AUX-SC T7M-X1 24Vdc|AUX-SC T7M-X1 24Vdc 
YO  E1.2..E6.2 48 V AC/DC|YO  E1.2..E6.2 48 V AC/DC
.xls|.xls
YO2  E1.2..E6.2 48 V AC/DC|YO2  E1.2..E6.2 48 V AC/DC
Kit R (Rear) T7-T7M-X1 6pcs|Kit R (Rear) T7-T7M-X1 6pcs
SOR2 T7-T7M-X1 240...250Va.c./d.c.|SOR2 T7-T7M-X1 240...250Va.c./d.c.
M  E2.2...E6.2 277 V AC|M  E2.2...E6.2 277 V AC
Device Holder|Gerätehalterung
AUX-RTC T7M-X1 250Va.c./d.c.|AUX-RTC T7M-X1 250V AC/DC
UVD T7-T7M-X1 220...250Va.c./d.c.|UVD T7-T7M-X1 220...250Va.c./d.c.
Settings|Einstellungen
UVR T7-T7M-X1 24Va.c./d.c.|UVR T7-T7M-X1 24Va.c./d.c.
Kit FC CuAl (Front for copper/aluminium cables) 4x240mm2 T7-T7M-X1 1250 6pcs|Kit FC CuAl (Front for copper/aluminium cables) 4x240mm2 T7-T7M-X1 1250 6pcs
KLC-S key lock in open position N.20008 E2.2...E6.2|KLC-S key lock in open position N.20008 E2.2...E6.2
Ekip Control Panel 10 circuit-breakers|Ekip Kontrolleinheit 10 Leistungsschalter
Device Type
KLC-S key lock in open position N.20007 E2.2...E6.2|KLC-S key lock in open position N.20007 E2.2...E6.2
SlimeLine XR
There must minimum be 2 columns between corner columns|Zwischen Eckfeldern müssen mindestens 2 andere Felder platziert sein
Kit EF (Front Extended) T7-T7M-X1 6pcs|KIT EF (Vorderseitig erweitert) T7-T7M-X1 6Stk
Top|Oben
Ekip Com Modbus TCP E1.2..E6.2|Ekip Com Modbus TCP E1.2..E6.2
Additional shunt closing release|Zusätzlicher Einschaltauslöser
SCR T7M-X1 110...120Va.c./d.c.|SCR T7M-X1 110...120Va.c./d.c.
M E2.2...E6.2 220-250 V AC/DC + MC 24V|M E2.2...E6.2 220-250 V AC/DC + MC 24V
Ie|Bemessungsbetriebsstrom Ie
YO  E1.2..E6.2 415-440 V AC|YO  E1.2..E6.2 415-440 V AC
Rating Plug 4000 L OFF E4.2..E6.2 inst|Rating Plug 4000 L OFF E4.2..E6.2 inst
Rating Plug 2500 L OFF E2.2..E6.2 inst|Rating Plug 2500 L OFF E2.2..E6.2 inst
FRONT TERMINALS|vorderseitige Anschlüsse
Price List|Preisliste
SCR T7M-X1 415...440Va.c.|SCR T7M-X1 415...440Va.c.
Kit front spread terminals (ES) E1.2 F 3pcs inst|Kit front spread terminals (ES) E1.2 F 3pcs inst
EKIP/D-LSI|EKIP/D-LSI
Ekip Control Panel 30 circuit-breakers|Ekip Kontrolleinheit 30 Leistungsschalter
Style|Ausführung
KLC-A Castell key lock in open position E2.2...E6.2|KLC-A Castell key lock in open position E2.2...E6.2
Width|Breite
Rating Plug 400 L OFF E1.2..E6.2 inst|Rating Plug 400 L OFF E1.2..E6.2 inst
Percentage|Prozent
Rating Plug 630 L OFF E1.2..E6.2 inst|Rating Plug 630 L OFF E1.2..E6.2 inst
YO2  E1.2..E6.2 415-440 V AC|YO2  E1.2..E6.2 415-440 V AC
Switch disconnector OT|OT-Lasttrennschalter
SCR T7M-X1 120...127Va.c./d.c.|SCR T7M-X1 120...127Va.c./d.c.
DLC interlock cable door E1.2|DLC Kabel/Tür E1.2
Kit vertical rear terminals (VR) E4.2 Iu=3200 4pcs inst|Kit vertical rear terminals (VR) E4.2 Iu=3200 4pcs inst
Key zama for double tab insert|Schlüssel für Doppelbart-Einsatz
Rating Plug 200 E1.2..E2.2 inst|Rating Plug 200 E1.2..E2.2 inst
MCS|DE MCS
YC2  E1.2..E6.2 380-400 V AC|YC2  E1.2..E6.2 380-400 V AC
All|Alle
YO  E1.2..E6.2 380-400 V AC|YO  E1.2..E6.2 380-400 V AC
EKIP/HT-LSI|EKIP/HT-LSI
Front Terminals
50mm Compensator qty|50 mm Ausgleich, Anzahl
Delivery form
YC  E1.2..E6.2 415-440 V AC|YC  E1.2..E6.2 415-440 V AC
Ekip Supply 110-240V AC/DC E1.2..E6.2|Ekip Supply 110-240V AC/DC E1.2..E6.2
Arrangement for cables with upper internal voltage outlets E1.2..E6.2|Kabelsatz für oberen internen Spannungsabgriff E1.2..E6.2
FIXED - UL/CSA|Festeinbau - UL/CSA
Busbar system 40/60mm|Sammelschienensystem 40/60 mm
KLP-S key lock racked in/out position N.20008 E2.2..E6.2 first key|KLP-S key lock racked in/out position N.20008 E2.2..E6.2 first key
EKIP/T-LSI|EKIP/T-LSI
S51 24V E2.2...E6.2|S51 24V E2.2...E6.2
ABB InLine II
Trip Reset T7M-X1 200..240Vac/dc for AUX-SA|Trip Reset T7M-X1 200..240Vac/dc for AUX-SA
YO2  E1.2..E6.2 380-400 V AC|YO2  E1.2..E6.2 380-400 V AC
Rating plug RC In=800A for PR332/PR333 LSIRc T7-T7M-X1|Rating plug RC In=800A for PR332/PR333 LSIRc T7-T7M-X1
Fuse Switch Disconnector Column| Feld für Sicherungslasttrenner
Rating Plug 3200 E4.2..E6.2 inst|Rating Plug 3200 E4.2..E6.2 inst
200|200
1/2 Kit VR (Rear Vertical) T7-T7M-X1 4pcs|1/2 Kit VR (Rear Vertical) T7-T7M-X1 4pcs
Intelligent Tier Switch (ITS2.1)
Show Initial View Point|DE Show Initial View Point
Partition wall horizontal|Horizontale Trennwand
REAR VERTICAL TERMINALS|VR-Rückseitige vertikale Anschlüsse
Ronis 1242 insert and key for standard handle|Ronis Einsatz 1242 + Schlüssel für Stand. Griff
REAR TERMINALS R=100A|DE Rückseitige Anschlüsse = 100 A
IP40|IP40
AUX-SC T7M-X1 250Vac/dc|AUX-SC T7M-X1 250Vac/dc 
Horizontal|horizontal
KLC-D T7 with different keys|KLC-D T7 with different keys
YC2  E1.2..E6.2 220-240 V AC/DC|YC2  E1.2..E6.2 220-240 V AC/DC
Type B-C-D vertical E2.2?E6.
YO  E1.2..E6.2 240-250 V AC/DC|YO  E1.2..E6.2 240-250 V AC/DC
KLC-S key lock in open position N.20009 E1.2|KLC-S key lock in open position N.20009 E1.2
REAR TERMINALS R<100A|Rückseitige Anschlüsse < 100 A
Kit HR (Rear Horizontal) T7-T7M-X1 6pcs|Kit HR (Rear Horizontal) T7-T7M-X1 6pcs
H=100mm 6pz E1.2 F 4P|H=100mm 6pz E1.2 F 4P
PLC E1.2 padlocks in open position D=7mm|PLC E1.2 Verriegelung Vorhängeschloss AUS-Stellung D=7mm
Busbar system
Phone|Telefon
Ekip Control Panel option 5 access web client|Ekip Kontrolleinheit Option 5 Webzugriffe
PB200 T7-T7M-X1 3p Phase Separators High|PB100 T7-T7M-X1 3p Phasentrennwand Hoch
No|Nein
Blind cover 50 mm|Blindabdeckung 50 mm
Internal/External|intern/extern
PLC E2.2..E6.2 padlocks in open position D=8mm|PLC E2.2..E6.2 Verriegelung Vorhängeschloss AUS-Stellung D=8mm
IP30|IP30
Trip unit remote reset command|Trip unit remote reset command
Vendor|Verkäufer/Lieferant
PR111/P LI|PR111/P LI
With Cu|Mit Kupfer
Double tab insert for closing handle/box|Doppelbart Einsatz für Verschlussmechanismus
English|Englisch
YO2  E1.2..E6.2 240-250 V AC/DC|YO2  E1.2..E6.2 240-250 V AC/DC
Ekip ready to close auxiliary contacts|Hilfskontakte - Einschaltbereitschaft (Ekip)
A4 Portrait|A4 Hochformat
Kit Layer|Layer Module
Door lock T7M-X1 - wall fixed|Türverriegelung T7M-X1 - Befestigung an der Wand
N50%|N50%
SOR T7-T7M-X1 415...440Va.c.|SOR T7-T7M-X1 415...440Va.c.
PR112/P LSI|PR112/P LSI
SCR T7M-X1 500...550Va.c.|SCR T7M-X1 500...550Va.c.
IP65|IP65
Maximum of 4 corners in a switchboard|Maximal 4 Eckfelder in einer Schaltanlage
Front|Front
YC  E1.2..E6.2 24 V AC/DC|YC  E1.2..E6.2 24 V AC/DC
KLC-A Ronis Profalux key lock in open position E1.2|KLC-A Ronis Profalux key lock in open position E1.2
FRONT TERM. Cu/Al CAB.2X120MMQ|vorderseitige Anschlüsse für Cu/Al-Kabel 2x 240 mm²
M E2.2...E6.2 277 V AC + MC 24V|M E2.2...E6.2 277 V AC + MC 24V
M T7M-X1 48...60Vac/dc|M T7M-X1 48...60Vac/dc
Kit 2 jumper U 2+2PS T7D/PV 1250 1500V DC|Kit 2 jumper U 2+2PS T7D/PV 1250 1500V DC
.pdf|.pdf
KLF-S T7 with same keys (N.20005) for rotary handle|KLF-S T7 with same keys (N.20005) for rotary handle
YC2  E1.2..E6.2 120-127 V AC/DC|YC2  E1.2..E6.2 120-127 V AC/DC
AUX-SA T7 1 S51 24Vd.c.|AUX-SA T7 1 S51 24Vd.c.
PR112/PD LSIG|PR112/PD LSIG
Currency|Währung
UVR T7-T7M-X1 48Va.c./d.c.|UVR T7-T7M-X1 48Va.c./d.c.
1/2 Kit R (Rear) T7-T7M-X1 4pcs|1/2 Kit R (Rear) T7-T7M-X1 4pcs
Motor operation (MOT)
IP55|IP55
RHE_B T7 Fixed/Withdrawable - Base|Mit Übertragung-RHE_B T7 Festeinbau/Steckbar - Sockel
Rating plug In=800A T7-T7M UL|Rating plug In=800A T7-T7M UL
Outgoing Column|Abgangsfeld
Lever handle whitout push-button|Hebelgriff ohne Drucktaster
Kit VR (Rear Vertical) T7-T7M-X1 8pcs|Kit VR (Rear Vertical) T7-T7M-X1 8pcs
YO2  E1.2..E6.2 500-550 V AC|YO2  E1.2..E6.2 500-550 V AC
UVR E1.2..E6.2 24 V AC/DC|UVR E1.2..E6.2 24 V AC/DC
Device Layer|Layer Geräte
Project|Projekt
YC2  E1.2..E6.2 277 V AC|YC2  E1.2..E6.2 277 V AC
KLC-S T7M with same keys (N.20008)|KLC-S T7M with same keys (N.20008)
Gross Price Sum €|Summe Bruttopreis in €
Top Panel|Deckblech
Usable width for device|Funktionelle Breite für Geräte
100mm Compensator qty|100 mm Ausgleich, Anzahl
Utilization Category
Ready to close auxiliary contacts|Ready to close auxiliary contacts
KLC T7M predisposition for Ronis key lock|KLC T7M predisposition for Ronis key lock
UVD T7-T7M-X1 60Va.c./d.c.|UVD T7-T7M-X1 60Va.c./d.c.
M  E1.2 277 V AC + MC 24V|M  E1.2 277 V AC + MC 24V
Fusegear Kit|Einbausatz Sicherungen
UVR T7-T7M-X1 120...127Va.c./d.c.|UVR T7-T7M-X1 120...127Va.c./d.c.
Insert 8mm hex socket type for standard handle (Key not available)|Einsatz 8mm Innensechskant für Standard-Griff (Schlüssel nicht verfügbar)
250|250
From Top|von oben
Sweden|Schweden
SOR2 T7-T7M-X1 24Va.c./d.c.|SOR2 T7-T7M-X1 24Va.c./d.c.
UVD T7-T7M-X1 48Va.c./d.c.|UVD T7-T7M-X1 48Va.c./d.c.
AUX 15Q 24 V DC E2.2?E6.
E-mail|E-mail
KLC-S T7M with same keys (N.20007)|KLC-S T7M with same keys (N.20007)
Poland|Polen
Glazed|Türe mit Sichtscheibe
KLF-S T7 with same keys (N.20008) for rotary handle|KLF-S T7 with same keys (N.20008) for rotary handle
For E1.2, E2.2 3p|für E1.2, E2.2 3p
KLC X1 predisposition for Profalux key lock|KLC X1 predisposition for Profalux key lock
REAR CABLE TERMINALS|Rückseitige Kabel-Anschlüsse
EKIP/D-LI|EKIP/D-LI
T7|T7
Ekip Measuring Pro E1.2|Ekip Messmodul Pro E1.2
Busbar connection cabinet-cabinet|Feld-Feld Sammelsschienenverbindung
Kit FC CuAl (Front for copper/aluminium cables) 4x240mm2 T7-T7M-X1 1250 8pcs|Kit FC CuAl (Front for copper/aluminium cables) 4x240mm2 T7-T7M-X1 1250 8pcs
SOR T7-T7M-X1 48Va.c./d.c.|SOR T7-T7M-X1 48Va.c./d.c.
SOR2 T7-T7M-X1 220...240Va.c./d.c.|SOR2 T7-T7M-X1 220...240Va.c./d.c.
WITHOUT OVERC.REL.|Ohne Überstromauslöser
YO2  E1.2..E6.2 220-240 V AC/DC|YO2  E1.2..E6.2 220-240 V AC/DC
YC  E1.2..E6.2 60 V AC/DC|YC  E1.2..E6.2 60 V AC/DC
Lever Position|Position Hebelgriff
FRONT TER.FOR Cu/Al CAB.<50MMQ|vorderseitige Anschlüsse für Cu/Al-Kabel max. 50 mm²
Kit front terminal (F) E6.2 F 3pcs inst|Kit front terminal (F) E6.2 F 3pcs inst
Switchboard|Schaltanlage
Actuation module|Modul - Signalisierung
AUE T7 400Va.c.|AUE T7 400Va.c.
THERMOMAGNETIC D-CURVE|THERMOMAGNETIC D-CURVE
Kit vertical rear terminals (VR) E6.2 Iu=5000 3pcs inst|Kit vertical rear terminals (VR) E6.2 Iu=5000 3pcs inst
PBC  D=8mm E2.2...E6.2|PBC  D=8mm E2.2...E6.2
BlindDouble|Stahlblechdoppeltür
KLC-S T7M with same keys (N.20006)|KLC-S T7M with same keys (N.20006)
YO2  E1.2..E6.2 110-120 V AC/DC|YO2  E1.2..E6.2 110-120 V AC/DC
AUX T7 1Q + 1SY 24Vd.c.|AUX T7 1Q + 1SY 24V DC
Product Line|Produktlinie
Rating Plug 1000 E1.2..E6.2 inst|Rating Plug 1000 E1.2..E6.2 inst
RTC 24V DC E1.2|RTC 24V DC E1.2
PE busbar copper dimension|Abmessungen PE-Schiene
Additional shunt opening release|Zusätzlicher Arbeitsstromauslöser
Reset 24 V DC E2.2...E6.2|Reset 24 V DC E2.2...E6.2
Ekip 10K E1.2...E6.2|Ekip 10K E1.2...E6.2
YC  E1.2..E6.2 500-550 V AC|YC  E1.2..E6.2 500-550 V AC
YC2  E1.2..E6.2 30 V AC/DC|YC2  E1.2..E6.2 30 V AC/DC
Functional Height|Funktionelle Höhe
Kit front terminals for copper/aluminium cables (FC CuAl)4x240 E1.2 F 4pcs inst|Kit front terminals for copper/aluminium cables (FC CuAl)4x240 E1.2 F 4pcs inst
Rating Plug 1250 E1.2..E6.2 inst|Rating Plug 1250 E1.2..E6.2 inst
X1B/E 600 1000V AC special version|X1B/E 600 1000V AC special version
DLC interlock direct door E2.2..E6.2|DLC Tür E2.2..E6.2
4 POLES FULLY RATED|4 polig, 100% N
Reset 110 V AC/DC E1.2|Reset 110 V AC/DC E1.2
UVD 60 V  AC/DC|UVD 60 V  AC/DC
Ekip Com R Profinet E1.2...E6.2|Ekip Com R Profinet E1.2...E6.2
PR330/V with internal socket for PR332/P-PR333/P T7M-X1|PR330/V with internal socket for PR332/P-PR333/P T7M-X1
Device quantity|Anzahl Geräte
UVR T7-T7M-X1 60Va.c./d.c.|UVR T7-T7M-X1 60Va.c./d.c.
SOR test unit T7-T7M-X1|SOR test unit T7-T7M-X1
MOC  E1.2|MOC  E1.2
Article Type|Artikel Typ
Start configuring|Konfiguration starten
Ringkernstromwandler E1.2 ? E6.2 100
400 A|400 A
Supply module|Supply module
Kit 3 jumper U 4PS T7D/PV 1600 1100V DC|Kit 3 jumper U 4PS T7D/PV 1600 1100V DC
YC2  E1.2..E6.2 415-440 V AC|YC2  E1.2..E6.2 415-440 V AC
CS N E1.2 - E2.2 2000A|CS N E1.2 - E2.2 2000A
YC2  E1.2..E6.2 440-500 V AC|YC2  E1.2..E6.2 440-500 V AC
"Plastic flange with 3 cable sleeves
For cable sections 3x14 up to 54mm"|Kunststoffflansch mit 3 Kabeltüllen 14-54 mm
A4 Landscape|A4 Querformat
UVR E1.2..E6.2 60 V AC/DC|UVR E1.2..E6.2 60 V AC/DC
Sealable screws T7|Sealable screws T7
Ekip Com R Ethernet/IP E1.2..E6.2|Ekip Com R Ethernet/IP E1.2..E6.2
Brown|braun
SOR2 T7-T7M-X1 415...440Va.c.|SOR2 T7-T7M-X1 415...440Va.c.
External neutral In=400..1600A T7-T7M-X1|External neutral In=400..1600A T7-T7M-X1
M T7M-X1 380...415Vac|M T7M-X1 380...415Vac
YC  E1.2..E6.2 380-400 V AC|YC  E1.2..E6.2 380-400 V AC
Yes|Ja
Dummy insert (instead of a semi-cylinder)|Blindeinsatz anstelle eines Profilhalbzylinders
PR332/P-LSIG|PR332/P-LSIG
Ekip Link E1.2..E6.2|Ekip Link E1.2..E6.2
Kit vertical rear terminals (VR) E2.2 Iu=2500 4pcs inst|Kit vertical rear terminals (VR) E2.2 Iu=2500 4pcs inst
System|System
KLC T7M predisposition for Profalux key lock|KLC T7M predisposition for Profalux key lock
Netherlands|Niederlande
Shunt opening release|Shunt opening release
Ekip Measuring E1.2|Ekip Messmodul E1.2
Kit front terminal (F) E6.2 F 4p/f 4pcs inst|Kit front terminal (F) E6.2 F 4p/f 4pcs inst
Order with copper|Bestellung inclusive Verkupferung
M E2.2...E6.2 380-415 V AC + MC 24V|M E2.2...E6.2 380-415 V AC + MC 24V
Undervoltage release|Unterspannungsauslöser
FIXED - UL/CSA DC|Festeinbau - UL/CSA DC
SOR T7-T7M-X1 24Va.c./d.c.|SOR T7-T7M-X1 24Va.c./d.c.
Switch Disconnector Fuse Column|Feld für Sicherungsleisten
Rating Plug 1600 E2.2..E6.2 inst|Rating Plug 1600 E2.2..E6.2 inst
M E2.2...E6.2 48-60 V AC/DC + MC 24V|M E2.2...E6.2 48-60 V AC/DC + MC 24V
Flange set|Flansch Set
Rating Plug 250 E1.2..E2.2 inst|Rating Plug 250 E1.2..E2.2 inst
Left sliding contact blocks for T7-T7M-X1 MP|Linker Gleitkontakt mobiler Teil T7-T7M-X1 MP
UVR E1.2..E6.2 240-250 V AC/DC|UVR E1.2..E6.2 240-250 V AC/DC
Arrangement for cables with external voltage outlets E1.2..E6.2|Kabelsatz für externen Spannungsabgriff E1.2..E6.2
System pro E control|System pro E control
DLC interlock direct door E1.2|DLC Tür E1.2
System pro E energy|System pro E energy
XR2/3 4 pole
Rating Plug 5000 L OFF E6.2 inst|Rating Plug 5000 L OFF E6.2 inst
YC2  E1.2..E6.2 48 V AC/DC|YC2  E1.2..E6.2 48 V AC/DC
Rating Plug 200 L OFF E1.2..E2.2 inst|Rating Plug 200 L OFF E1.2..E2.2 inst
Green|grün
Low  E1.2 4P F 2pcs|Niedrig  E1.2 4P 2Stk
Poles|Pole
PR231/P-I|PR231/P-I
Coupler Column|Kuppelfeld
Segregation|Unterteilung
System pro E power|System pro E power
Ekip Com GPRS-M E1.2...E6.2|Ekip Com GPRS-M E1.2...E6.2
Rating plug In=1000A T7-T7M UL|Rating plug In=1000A T7-T7M UL
Kit horizontal rear spread terminals (SHR) E2.2 Iu=2000 4pcs inst|Kit horizontal rear spread terminals (SHR) E2.2 Iu=2000 4pcs inst
Voltage measuring module|Modul - Spannungsmessung
1/2 Kit FC CuAl (Front for copper/aluminium cables) 4x240mm2 T7-T7M-X1 1250 4pcs|1/2 Kit FC CuAl (Front for copper/aluminium cables) 4x240mm2 T7-T7M-X1 1250 4pcs
Cable Compartment Column|Kabelanschlussraum
PR212/P LSIG|PR212/P LSIG
Mounted|montiert
System pro E comfort|System pro E comfort
YC2  E1.2..E6.2 60 V AC/DC|YC2  E1.2..E6.2 60 V AC/DC
Busbar center spacing|Abstand Sammelschiene
KLC-S key lock in open position N.20009 E2.2...E6.2|KLC-S key lock in open position N.20009 E2.2...E6.2
Busbar distance
H=100mm 4pz E1.2 F 3P|H=100mm 4pz E1.2 F 3P
Ekip Com R Modbus TCP R E1.2...E6.2|Ekip Com R Modbus TCP R E1.2...E6.2
KLC-S key lock in open position N.20006 E2.2...E6.2|KLC-S key lock in open position N.20006 E2.2...E6.2
Type A horizontal E1.2?E6.
Check configurator log for errors|Bitte überprüfen Sie die Konfigurations-Log-Datei auf Fehler
RTC 250V AC E2.2...E6.2|RTC 250V AC E2.2...E6.2
Type A interlock on bottom plate of fixed circuit breaker E1.2|Type A interlock on bottom plate of fixed circuit breaker E1.2
Fuse Size|Sicherungsgröße
SCR T7M-X1 24Va.c./d.c.|SCR T7M-X1 24Va.c./d.c.
Meter mounting plate|Montageplatte für Messgeräte
Country|Land
2 DC|2 DC
Ord. no.|Auftragsnummer
SOR T7-T7M-X1 110...120Va.c./d.c.|SOR T7-T7M-X1 110...120Va.c./d.c.
Enclosures|Schränke
Type A interlock of fixed circuit breaker E1.2|Type A interlock of fixed circuit breaker E1.2
"Plastic flange with 2 cable sleeves
For cable sections 2x14 up to 68mm"|Kunststoffflansch mit 2 Kabeltüllen 14-68 mm
YO  E1.2..E6.2 110-120 V AC/DC|YO  E1.2..E6.2 110-120 V AC/DC
Conversion kit fixed/withdrawable T7-T7M-X1 3p|KIT Umbausatz Festeinbau/Ausfahrbar T7-T7M-X1 3p
Kit vertical rear terminals (VR) E1.2 F 4pcs inst|Kit vertical rear terminals (VR) E1.2 F 4pcs inst
T7-T7M -40°C special versio|T7-T7M -40°C special version
YO2  E1.2..E6.2 277 V AC|YO2  E1.2..E6.2 277 V AC
Rating Plug 400 E1.2..E6.2 inst|Rating Plug 400 E1.2..E6.2 inst
AUX 15Q 400 V E1.2|AUX 15Q 400 V E1.2
KLC-S key lock in open position N.20008 E1.2|KLC-S key lock in open position N.20008 E1.2
KLP-S key lock racked in/out position N.20006 E2.2..E6.2 first key|KLP-S key lock racked in/out position N.20006 E2.2..E6.2 first key
UVR T7-T7M-X1 30Va.c./d.c.|UVR T7-T7M-X1 30Va.c./d.c.
Fixed
REAR TERMINALS FOR R.C.|DE Rückseitige Anschlüsse für R.C.
Conversion kit fixed/withdrawable T7-T7M-X1 4p|KIT Umbausatz Festeinbau/Ausfahrbar T7-T7M-X1 4p
PR221DS-LS|PR221DS-LS
PB100 T7-X1 3p Phase Separators Low|PB100 T7-T7M-X1 3p Phasentrennwand Niedrig
PR331/P-LI|PR331/P-LI
Dimension|Abmessungen
KLP-S key lock racked in/out position N.20007 E2.2..E6.2 first key|KLP-S key lock racked in/out position N.20007 E2.2..E6.2 first key
E1.2|E1.2
Type|Typ
UVR E1.2..E6.2 110-120 V AC/DC|UVR E1.2..E6.2 110-120 V AC/DC
KLP-D Castell key lock racked in/out position E2.2..E6.2 first key|KLP-D Castell key lock racked in/out position E2.2..E6.2 first key
M E2.2...E6.2 440-480 V AC + MC 24V|M E2.2...E6.2 440-480 V AC + MC 24V
Central earthing point|Zentraler Erdungspunkt
KLC-S X1 with same keys (N.20008)|KLC-S X1 with same keys (N.20008)
EKIP/T-LSIG|EKIP/T-LSIG
Breaker Kit|Bausatz Leistungsschalter
Rated continuous current|Bemessungsdauerstrom
Busbar Rating|Bemessungsstrom der Sammelschiene
Rating Plug 100 L OFF E1.2..E2.2 inst|Rating Plug 100 L OFF E1.2..E2.2 inst
KLC-S T7M with same keys (N.20005)|KLC-S T7M with same keys (N.20005)
Switchboard Name|Name Schaltanlage
Austria|Österreich
Input|Eingang
KLP-S key lock racked in/out position N.20006 E2.2..E6.2 second key|KLP-S key lock racked in/out position N.20006 E2.2..E6.2 second key
Gross Price €|Bruttopreis in €
Rating plug In=1200A T7-T7M UL|Rating plug In=1200A T7-T7M UL
Rating plug In=600A X1 UL|Rating plug In=600A X1 UL
Ekip Multimeter E1.2...E6.2|Ekip Multimeter E1.2...E6.2
FRONT TERMINALS FOR 3 CABLES|vorderseitige Anschlüsse für 3 Kabel
KLC-S X1 with same keys (N.20007)|KLC-S X1 with same keys (N.20007)
Order
FIAT key|FIAT Schlüssel
Kit cable for mechanical interlock with Emax|KIT Kabel mechanische Verriegelung Emax
AUX 6Q 400 V E2.2?E6.
Device|Gerät
ONLY MAGNETIC 13XIth|nur Magnetauslöser 13x Ith
DOWNSTREAM CONTACTS|D-Verkürzte Anschlüsse
AUX 4Q 400 V E1.2|AUX 4Q 400 V E1.2
YC  E1.2..E6.2 48 V AC/DC|YC  E1.2..E6.2 48 V AC/DC
UPSTREAM CONTACTS|U-Verlängerte Anschlüsse
For E1.2|für E1.2
Flat
M  E1.2 24-30 V AC/DC + MC 24V|M  E1.2 24-30 V AC/DC + MC 24V
YC  E1.2..E6.2 240-250 V AC/DC|YC  E1.2..E6.2 240-250 V AC/DC
Kit vertical rear terminals (VR) E4.2 Iu=4000 3pcs inst|Kit vertical rear terminals (VR) E4.2 Iu=4000 3pcs inst
SOR TEST UNIT E1.2/6.2|SOR TEST UNIT E1.2/6.2
System pro E combi|System pro E combi
KLC-S X1 with same keys (N.20006)|KLC-S X1 with same keys (N.20006)
Cable fastening|Kabelbefestigung
1/2 Kit ES (Front Extended Spread) T7-T7M-X1 4pcs|1/2 Kit ES (Front Extended Spread) T7-T7M-X1 4pcs
EKIP/G/T-LSIG|EKIP/G/T-LSIG
SOR T7-T7M-X1 240...250Va.c./d.c.|SOR T7-T7M-X1 240...250Va.c./d.c.
Earth|Erde
Mounting plate|Montageplatte
PR212/MP|PR212/MP
Kit vertical rear terminals (VR) E2.2 Iu=2000 4pcs inst|Kit vertical rear terminals (VR) E2.2 Iu=2000 4pcs inst
Module Depth|Modultiefe
Connection Position|Positin des Anschlusses
RTC Ekip 24V DC E2.2...E6.2|RTC Ekip 24V DC E2.2...E6.2
KLC-S X1 with same keys (N.20005)|KLC-S X1 with same keys (N.20005)
Column Type|Feldtyp
KLC T7 predisposition for Ronis key lock|KLC T7 predisposition for Ronis key lock
X1B/E 1000 1000V AC special version|X1B/E 1000 1000V AC special version
Terminal|Klemme
Delete Selected Component|Ausgewählte Elemente entfernen
Date|Datum
Front + Top|Front und Dach
Plate for mechanical interlock - wall fixed|Montageplatte mechanische Verriegelung - Wandbefestigung
SOR T7-T7M-X1 500...550Va.c.|SOR T7-T7M-X1 500...550Va.c.
YC2  E1.2..E6.2 500-550 V AC|YC2  E1.2..E6.2 500-550 V AC
Empty Column|Leerschrank
Ekip 2K-2 E1.2...E6.2|Ekip 2K-2 E1.2...E6.2
Denmark|Dänemark
900|900
PBC  D=4mm E2.2...E6.2|PBC  D=4mm E2.2...E6.2
Flange IP54 Ch. diverse E1.2|Flange IP54 Ch. diverse E1.2
Row 2|Reihe 2
Row 1|Reihe 1
Flange IP54 Ch. N.20005 E1.2|Flange IP54 Ch. N.20005 E1.2
Left|Links
Protection for door IP54 T7M-X1|Protection for door IP54 T7M-X1
Rating plug In=1000A T7-T7M-X1|Rating plug In=1000A T7-T7M-X1
3xM8 Bolt|3x M8 Bolzen
Customer|Kunde
Ekip 4K E2.2..E6.2|Ekip 4K E2.2..E6.2
Size|SIZE
Black|schwarz
Insert|Einsatz
Rating Plug 2500 E4.2..E6.2 inst|Rating Plug 2500 E4.2..E6.2 inst
SOR2 T7-T7M-X1 500...550Va.c.|SOR2 T7-T7M-X1 500...550Va.c.
AUX-RTC T7M-X1 24Vd.c.|AUX-RTC T7M-X1 24V DC
Rating Plug RC R400 E1.2..E6.2 inst|Rating Plug RC R400 E1.2..E6.2 inst
"Plastic flange with 1 cable sleeve
For cable sections 1x14 up to 68mm"|Kunststoffflansch mit Kabeltülle 14-68 mm
Rating Plug 5000 E6.2 inst|Rating Plug 5000 E6.2 inst
RHD T7 Fixed/Withdrawable - Normal, Direct|Direkt-RHD T7 Festeinbau/Steckbar - Normal, Direkt
Kit front spread terminals (ES) E1.2 F 4pcs inst|Kit front spread terminals (ES) E1.2 F 4pcs inst
KLC-S key lock in open position N.20005 E1.2|KLC-S key lock in open position N.20005 E1.2
Ekip Com Bluetooth E1.2..E6.2|Ekip Com Bluetooth E1.2..E6.2
XR00 4 pole
Plastic flange with 2 cable sleeves 14-68 mm|Kunststoffflansch mit 2 Kabeltüllen 14-68 mm
BT030 T7-T7M-X1|BT030 T7-T7M-X1
NON AUTOMATIC|keine Automatik
Cable connection|Kabelanschluss
Ekip Com Profinet E1.2..E6.2|Ekip Com Profinet E1.2..E6.2
Rating Plug 1250 L OFF E1.2..E6.2 inst|Rating Plug 1250 L OFF E1.2..E6.2 inst
PR211/P LI|PR211/P LI
FRONT TER.FOR Cu/Al CAB.<90MMQ|vorderseitige Anschlüsse für Cu/Al-Kabel max. 90 mm²
For E2.2 4p, E4.2 3p|für E2.2 4p, E4.2 3p
EKIP/G/HT-LSIG|EKIP/G/HT-LSIG
Rating Plug RC R3200 E4.2..E6.2 inst|Rating Plug RC R3200 E4.2..E6.2 inst
Rating plug In=400A T7-T7M-X1|Rating plug In=400A T7-T7M-X1
Open/Blind|offen/geschlossen
YC  E1.2..E6.2 30 V AC/DC|YC  E1.2..E6.2 30 V AC/DC
WITHDRAWABLE CLOSE DOOR DEVICE|DE WITHDRAWABLE CLOSE DOOR DEVICE
RHE T7 Fixed/Withdrawable - Normal, Returned|Mit Übertragung-RHE T7 Festeinbau/Ausfahrbar - Normal, gedreht
YO2  E1.2..E6.2 30 V AC/DC|YO2  E1.2..E6.2 30 V AC/DC
YO  E1.2..E6.2 440-500 V AC|YO  E1.2..E6.2 440-500 V AC
Module 2|Modul 2
EKIP/T-LI|EKIP/T-LI
Module 3|Modul 3
Kit front terminals for copper/aluminium cables (FC CuAl)4x240 E1.2 F 3pcs inst|Kit front terminals for copper/aluminium cables (FC CuAl)4x240 E1.2 F 3pcs inst
Module 1|Modul 1
YO2  E1.2..E6.2 440-500 V AC|YO2  E1.2..E6.2 440-500 V AC
Kit ES (Front Extended Spread) T7-T7M-X1 8pcs|Kit ES (Vorderseitig gespreizt) T7-T7M-X1 8Stk
"Plastic membrane flange for cable section:
2x6-32.5mm; 2x6-25mm; 4x6-19mm;
10x6-15mm; 2x6-12mm, 31x6-11mm;
1x6-7mm"|"Membranflansch für Leitungsdurchmesser:
Rating plug In=400A X1 UL|Rating plug In=400A X1 UL
M E1.2 220-250 V AC/DC + MC 24V|M E1.2 220-250 V AC/DC + MC 24V
Blue|blau
DIN rail mounting|DIN Rail Befestigung
3 POLES|3 Pole
PLP padlocks racked in/out position D=4/6/8mm E2.2..E6.2|PLP Verriegelung Vorhängeschlösser Fahrstellung D=4/6/8mm E2.2..E6.2
YO  E1.2..E6.2 24 V AC/DC|YO  E1.2..E6.2 24 V AC/DC
KLP-D key lock racked in/out position E2.2..E6.2 second key|KLP-D key lock racked in/out position E2.2..E6.2 second key
ONLY MAGNETIC 10XIth|nur Magnetauslöser 10x Ith
AUX 15Q 24 V DC E1.2|AUX 15Q 24 V DC E1.2
Validity|Gültigkeit
YC  E1.2..E6.2 277 V AC|YC  E1.2..E6.2 277 V AC
"Plastic flanges for M-screw fittings
4xM20/M25; 22xM20"|Kunststoffflansch 4xM20/M25; 22xM20
Plinth Height|Sockelhöhe
Aluminium closed flanges|Verschlussflansch aus Aluminium
700|700
Loose Accessories|Einzelne Zubehörteile
Neutral|Neutral
UVR T7-T7M-X1 380...400Va.c.|UVR T7-T7M-X1 380...400Va.c.
Circuit Breaker E2.2|offener Leistungsschalter Emax E2.2
PR232/P-LSI|PR232/P-LSI
M E1.2 100-130 V AC/DC + MC 24V|M E1.2 100-130 V AC/DC + MC 24V
KLP-S key lock racked in/out position N.20007 E2.2..E6.2 second key|KLP-S key lock racked in/out position N.20007 E2.2..E6.2 second key
Type B-C-D horizontal E2.2?E6.
UVD 110..127 V  AC/DC|UVD 110..127 V  AC/DC
KLP-S key lock racked in/out position N.20008 E2.2..E6.2 second key|KLP-S key lock racked in/out position N.20008 E2.2..E6.2 second key
Devices|Geräte
Plinth Flanges|Sockelleisten
1/2 Kit FC CuAl (Front for copper/aluminium cables) 2x240mm2 T7-T7M-X1 630 4pcs|1/2 Kit FC CuAl (Front for copper/aluminium cables) 2x240mm2 T7-T7M-X1 630 4pcs
UVD 220..250 V  AC/DC|UVD 220..250 V  AC/DC
Lever semicylinder inserts (40mm)|Hebelgriff für Profilhalbzylinder (40mm)
Rated  operation current
PLC E1.2 padlocks in open position D=4mm|PLC E1.2 Verriegelung Vorhängeschloss AUS-Stellung D=4mm
Version|VERSION
UVR E1.2..E6.2 380-400 V AC|UVR E1.2..E6.2 380-400 V AC
CB Interblocked note|Meldung 'verriegelt'
N/PE offset|DE   N/PE offset
PR330/V with external socket for PR332/P T7|PR330/V with external socket for PR332/P T7
Rating plug RC In=1250A for PR332/PR333 LSIRc T7-T7M-X1|Rating plug RC In=1250A for PR332/PR333 LSIRc T7-T7M-X1
Type A-B-D interlock of fixed circuit breaker E2.2..E6.2|Type A-B-D interlock of fixed circuit breaker E2.2..E6.2
FIXED|Festeinbau
2000|2000
PR33x/P trip unit adapters T7M-X1|PR33x/P trip unit adapters T7M-X1
UVD 24..30 V DC|UVD 24..30 V DC
PR333/P-LSI|PR333/P-LSI
Rating Plug RC R250 E1.2..E2.2 inst|Rating Plug RC R250 E1.2..E2.2 inst
Flanges with rubber for cables|DE Membranflansch für Kabeleinführung
Rating plug In=630A T7-T7M-X1|Rating plug In=630A T7-T7M-X1
REAR HORIZONTAL TERMINALS|HR-Rückseitige horizontale Anschlüsse
H=200mm 6pz E1.2 F 4P|H=200mm 6pz E1.2 F 4P
Installation type|Einbautyp
S51 250V E1.2|S51 250V E1.2
M T7M-X1 24...30Vac/dc|M T7M-X1 24...30Vac/dc
Rating Plug RC R800 E1.2..E6.2 inst|Rating Plug RC R800 E1.2..E6.2 inst
Coupler|Kupplung
1/2 Kit EF (Front Extended) T7-T7M-X1 4pcs|1/2 Kit EF (Front Extended) T7-T7M-X1 4pcs
Rating|Bemessung
Ekip Com R Profibus E1.2...E6.2|Ekip Com R Profibus E1.2...E6.2
FRONT CABLE TERMINALS|vorderseitige Kabelanschlüsse
M  E1.2 48-60 V AC/DC + MC 24V|M  E1.2 48-60 V AC/DC + MC 24V
UoM|Maßeinheit
Rating Plug 4000 E6.2 inst|Rating Plug 4000 E6.2 inst
H=200mm 4pz E1.2 F 3P|H=200mm 4pz E1.2 F 3P
Number|Anzahl
Language|Sprache
Protection for open/close pushbuttons|Protection for open/close pushbuttons
CS E4.2 4000A - E6.2 N 50%|CS E4.2 4000A - E6.2 N 50%
Rating plug RC In=630A for PR332/PR333 LSIRc T7-T7M-X1|Rating plug RC In=630A for PR332/PR333 LSIRc T7-T7M-X1
Plastic closing flanges|Verschlussflansch aus Kunststoff
> <|> <
Valid till|Gültig bis
SOR2 T7-T7M-X1 48Va.c./d.c.|SOR2 T7-T7M-X1 48Va.c./d.c.
Blind|Stahlblechtür
From Bottom|von unten
KLC-A Castell key lock in open position E1.2|KLC-A Castell key lock in open position E1.2
Adjustment overcurrent release|Bemessungsstrommodul
1/2 Kit HR (Rear Horizontal) T7-T7M-X1 4pcs|1/2 Kit HR (Rear Horizontal) T7-T7M-X1 4pcs
Circuit Breaker Device|Leistungsschalter
Kit 2 jumper U 2+2PS T7D/PV 1600 1500V DC|Kit 2 jumper U 2+2PS T7D/PV 1600 1500V DC
Ekip Power Controller  E1.2..E6.2|Ekip Power Controller  E1.2..E6.2
Reset 250 V AC/DC E2.2...E6.2|Reset 250 V AC/DC E2.2...E6.2
SOR2 T7-T7M-X1 480...500Va.c.|SOR2 T7-T7M-X1 480...500Va.c.
Fuse Size NH1 qty|Sicherung Größe NH1, Anzahl
PR331/P-PR332/P trip unit adapters T7|PR331/P-PR332/P trip unit adapters T7
500|500
SCR T7M-X1 60Va.c./d.c.|SCR T7M-X1 60Va.c./d.c.
Ekip 2K-1 E1.2...E6.2|Ekip 2K-1 E1.2...E6.2
Ekip 2K-3 E1.2...E6.2|Ekip 2K-3 E1.2...E6.2
ADJUSTABLE ONLY MAGNETIC - CM|ADJUSTABLE ONLY MAGNETIC - CM
YO  E1.2..E6.2 60 V AC/DC|YO  E1.2..E6.2 60 V AC/DC
Kit front terminal (F) E2.2 F 3pcs inst|Kit front terminal (F) E2.2 F 3pcs inst
Reset 110 V AC/DC E2.2...E6.2|Reset 110 V AC/DC E2.2...E6.2
Rating Plug 800 E1.2..E6.2 inst|Rating Plug 800 E1.2..E6.2 inst
XR1 2 pole / 3 pole
Kit vertical rear terminals (VR) E2.2 Iu=2500 3pcs inst|Kit vertical rear terminals (VR) E2.2 Iu=2500 3pcs inst
KLC-S key lock in open position N.20006 E1.2|KLC-S key lock in open position N.20006 E1.2
Address|Adresse
X1B/E 1600 1000V AC special version|X1B/E 1600 1000V AC special version
DLC interlock cable door E2.2..E6.2|DLC Kabel/Tür E2.2..E6.2
Not mounted (Flatpack)|unmontiert (Flatpack)
PBC  E1.2|PBC  E1.2
FIXED - 1000 V|Festeinbau  - 1000 V
First column cannot be a corner|Das erste Feld darf kein Eckfeld sein
750|750
YC2  E1.2..E6.2 240-250 V AC/DC|YC2  E1.2..E6.2 240-250 V AC/DC
AUX 4Q 24 V DC E1.2|AUX 4Q 24 V DC E1.2
Kit vertical rear terminals (VR) E6.2 Iu=5000 4p/f 4pcs inst|Kit vertical rear terminals (VR) E6.2 Iu=5000 4p/f 4pcs inst
KLC-S T7 with same keys (N.20005)|KLC-S T7 with same keys (N.20005)
Universal switch disconnector|Lasttrennschalter
Kit front terminal (F) E4.2 F 3pcs inst|Kit front terminal (F) E4.2 F 3pcs inst
Position|Position
EKIP/D-LSIG|EKIP/D-LSIG
SOR T7-T7M-X1 30Va.c./d.c.|SOR T7-T7M-X1 30Va.c./d.c.
Supplementary shunt opening release|Supplementary shunt opening release
KLP-S key lock racked in/out position N.20005 E2.2..E6.2 first key|KLP-S key lock racked in/out position N.20005 E2.2..E6.2 first key
Rating Plug RC R1250 E1.2..E6.2 inst|Rating Plug RC R1250 E1.2..E6.2 inst
Rating plug In=800A T7-T7M-X1|Rating plug In=800A T7-T7M-X1
Breaking Class IEC 415V|Ausschaltvermögen IEC 415V
KLC-S T7 with same keys (N.20006)|KLC-S T7 with same keys (N.20006)
KLF-D T7 with different keys for rotary handle|KLF-D T7 with different keys for rotary handle
Application|Anwendung
AUX T7-T7M-X1 2Q 24Vd.c.|AUX T7-T7M-X1 2Q 24V DC
Germany|Deutschland
PR111/P LSIG|PR111/P LSIG
PR231/P-LS/I|PR231/P-LS/I
Blind cover 100 mm|Blindabdeckung 100 mm
4 POLES|4 Pole
S51 250V E2.2...E6.2|S51 250V E2.2...E6.2
PLUG-IN FOR FIXED PART|Steckvorrichtung - fester Teil
Right|rechts
RHE_EM T7 Fixed/Withdrawable - Emergency, Returned|Mit Übertragung-RHE_EM T7 Festeinbau/Ausfahrbar - Notfall, gedreht
PR331/P-LSIG|PR331/P-LSIG
M  E2.2...E6.2 440-480 V AC|M  E2.2...E6.2 440-480 V AC
UVR E1.2..E6.2 220-240 V AC/DC|UVR E1.2..E6.2 220-240 V AC/DC
External 15 AUX Open/Closed X1|External 15 AUX Open/Closed X1
AUX 15Q 400 V E2.2?E6.
Steel sheet flange for earthed cabinets|Stahlblechflansch für geerdete Schränke
XR00 2 pole / 3 pole
M T7M-X1 220...250Vac/dc|M T7M-X1 220...250Vac/dc
Open/closed auxiliary contacts|Hilfskontakte Aus/Ein
< >|< >
Structure|Gerüst
Right sliding contact blocks for T7-T7M-X1 MP|Rechter Gleitkontakt mobiler Teil T7-T7M-X1 MP
Device type|Gerätetyp
Busbar copper lenght|Länge der Sammelschiene
KLF T7 predisposition for Profalux key lock for rotary handle|KLF T7 predisposition for Profalux key lock for rotary handle
KLP-A Ronis Profalux Kirk key lock racked in/out position E2.2..E6.2 second key|KLP-A Ronis Profalux Kirk key lock racked in/out position E2.2..E6.2 second key
InLine 2|InLine II
KLP-D key lock racked in/out position E2.2..E6.2 first key|KLP-D key lock racked in/out position E2.2..E6.2 first key
UVD T7-T7M-X1 110...127Va.c./d.c.|UVD T7-T7M-X1 110...127Va.c./d.c.
Trip unit tripping signalling|Trip unit tripping signalling
Protection for open/close pushbutton T7M-X1|Protection for open/close pushbutton T7M-X1
Kit VR (Rear Vertical) T7-T7M-X1 6pcs|Kit VR (Rear Vertical) T7-T7M-X1 6pcs
Specification|Angaben
Kit extended front terminals (EF) E1.2 F 3pcs inst|KIT EF (Vorderseitig erweitert)  E1.2 F 3Stk
300|300
EKIP-LS/I|EKIP-LS/I
AUX 3Q 400 V + AUX 3Q 24 V DC E2.2?E6.
UVR E1.2..E6.2 277 V AC|UVR E1.2..E6.2 277 V AC
EKIP-M-I|EKIP-M-I
THERMOMAGNETIC 12xIth - MS|THERMOMAGNETIC 12x Ith - MS
AC23B at 690 V|Gebrauchskategorie AC23B bei 690V
Rating Plug 100 E1.2..E2.2 inst|Rating Plug 100 E1.2..E2.2 inst
BoM|Stückliste
REAR TERMINALS|Rückseitige Anschlüsse
Rating plug In=1250A T7-T7M-X1|Rating plug In=1250A T7-T7M-X1
Kit cable for mechanical interlock T7-T7M-X1|KIT Kabel mechanische Verriegelung T7-T7M-X1
PR030/B T7-T7M-X1|PR030/B T7-T7M-X1
Segregation Form|Form der inneren Unterteilung
PDC Configuration|PDC Konfiguration
YC  E1.2..E6.2 440-500 V AC|YC  E1.2..E6.2 440-500 V AC
YC  E1.2..E6.2 110-120 V AC/DC|YC  E1.2..E6.2 110-120 V AC/DC
PLC E1.2 padlocks in open position D=8mm|PLC E1.2 Verriegelung Vorhängeschloss AUS-Stellung D=8mm
YO  E1.2..E6.2 220-240 V AC/DC|YO  E1.2..E6.2 220-240 V AC/DC
Type C interlock of fixed circuit breaker E2.2..E6.2|Type C Festeinbau E2.2..E6.2
Terminals|Klemmen
AUX T7-T7M-X1 2Q 400Va.c.|AUX T7-T7M-X1 2Q 400V AC/DCa.c.
S51 24V E1.2|S51 24V E1.2
M  E2.2...E6.2 380-415 V AC|M  E2.2...E6.2 380-415 V AC
PBC  E2.2..E6.2|PBC  E2.2..E6.2
PLC E2.2..E6.2 padlocks in open position D=7mm|PLC E2.2..E6.2 Verriegelung Vorhängeschloss AUS-Stellung D=7mm
Key for triangular insert|Dreikantschlüssel
Kit vertical rear terminals (VR) E4.2 Iu=3200 3pcs inst|Kit vertical rear terminals (VR) E4.2 Iu=3200 3pcs inst
1/2 Kit VR (Rear Vertical) T7-T7M-X1 3pcs|1/2 Kit VR (Rear Vertical) T7-T7M-X1 3pcs
City|Stadt
Mounting Type|Montagetyp
Kit FC CuAl (Front for copper/aluminium cables) 2x240mm2 T7-T7M-X1 630 8pcs|Kit FC CuAl (Front for copper/aluminium cables) 2x240mm2 T7-T7M-X1 630 8pcs
Rating Plug 630 E1.2..E6.2 inst|Rating Plug 630 E1.2..E6.2 inst
PBC  D=7mm E1.2|PBC  D=7mm E1.2
SCR T7M-X1 30Va.c./d.c.|SCR T7M-X1 30Va.c./d.c.
Delivery Form|Lieferform
X Line Horizontal Column|Abgangsfeld - horizontal
"Plastic flanges for M-screw fittings:
1xM63/M50; 2xM32/M20; 5xM25; 5xM20"|Kunststoffflansch 1xM63/M50; 2xM32/M20; 5xM25; 5xM20
Configure|konfigurieren
Save
Front + Bottom|Front und Boden
Fuse Size NH00 qty|Sicherung Größe NH00, Anzahl
N100%|N100%
M E2.2...E6.2 24-30 V AC/DC + MC 24V|M E2.2...E6.2 24-30 V AC/DC + MC 24V
YO2  E1.2..E6.2 60 V AC/DC|YO2  E1.2..E6.2 60 V AC/DC
Phase|Phase
Rating Plug RC R100 E1.2..E2.2 inst|Rating Plug RC R100 E1.2..E2.2 inst
Frame size|Gerüst Größe
Angular
KLC-D X1 with different keys|KLC-D X1 with different keys
THERMOMAGN. 10XIth COMPENSATED|THERMOMAGN. 10x Ith COMPENSATED
Ekip Synchrocheck E1.2...E6.2|Ekip Synchrocheck E1.2...E6.2
YO2  E1.2..E6.2 120-127 V AC/DC|YO2  E1.2..E6.2 120-127 V AC/DC
Accessories|Zubehör
UVR E1.2..E6.2 48 V AC/DC|UVR E1.2..E6.2 48 V AC/DC
Busbar Layer|Layer Sammelschiene
Height|Höhe
M  E1.2 220-250 V AC/DC|M  E1.2 220-250 V AC/DC
Busbar Section
KLC-S T7 with same keys (N.20007)|KLC-S T7 with same keys (N.20007)
Flatpack
Are you sure you want to close e-Configure?|Wollen Sie e-Configure wirklich schliessen?
Rating Plug RC R4000 E4.2..E6.2 inst|Rating Plug RC R4000 E4.2..E6.2 inst
Included|einschließlich
Corner Column|Eckfeld
KLC-D key lock in open position E2.2...E6.2|KLC-D key lock in open position E2.2...E6.2
Ekip Control Panel alarm dispatcher option|Ekip Control Panel alarm dispatcher option
Reports|Bericht
Incoming Column|Einspeisefeld
PR112/PD LSI|PR112/PD LSI
Padlock device|Vorhängeschloss
External installed voltage outlets|Anschlüsse Spannungsmessung - Extern
Kit horizontal rear spread terminals (SHR) E2.2 Iu=2500 4pcs inst|Kit horizontal rear spread terminals (SHR) E2.2 Iu=2500 4pcs inst
Copy Selected Component|Markierte Elemente kopieren
Norway|Norwegen
250 A|250 A
Rating Plug RC R630 E1.2..E6.2 inst|Rating Plug RC R630 E1.2..E6.2 inst
Kit vertical rear terminals (VR) E6.2 Iu=6300 3pcs inst|Kit vertical rear terminals (VR) E6.2 Iu=6300 3pcs inst
AUX-SA T7 1 S51 250Va.c.|AUX-SA T7 1 S51 250Va.c.
YO  E1.2..E6.2 120-127 V AC/DC|YO  E1.2..E6.2 120-127 V AC/DC
KLC-S T7 with same keys (N.20008)|KLC-S T7 with same keys (N.20008)
KLP-S key lock racked in/out position N.20009 E2.2..E6.2 second key|KLP-S key lock racked in/out position N.20009 E2.2..E6.2 second key
Vertical|Vertikal
KLF T7 predisposition for Ronis key lock for rotary handle|KLF T7 predisposition for Ronis key lock for rotary handle
3 poles fixed circuit breaker or mobile part E6.2|Festeinbau/Ausfahrbar  E6.2 (3polig)
Aluminium flanges with cable sleeves 14-68mm|Aluminiumflansch mit Kabeltüllen 14-68mm
EKIP-LSI|EKIP-LSI
Department|Abteilung
Ekip Measuring E4.2|Ekip Messmodul E4.2
PB100 T7-X1 4p Phase Separators Low|PB100 T7-T7M-X1 4p Phasentrennwand Niedrig
PLL T7M|PLL T7M
WITHDRAWABLE OPEN DOOR DEVICE|DE WITHDRAWABLE OPEN DOOR DEVICE
Plate for mechanical interlock - floor fixed|Montageplatte mechanische Verriegelung - Bodenbefestigung
Front Panel|Frontplatte
Rating Plug 800 L OFF E1.2..E6.2 inst|Rating Plug 800 L OFF E1.2..E6.2 inst
UVR T7-T7M-X1 415...440Va.c.|UVR T7-T7M-X1 415...440Va.c.
Touch guard|Berührungsschutz
Kit horizontal rear terminals (HR) E1.2 F 4pcs inst|Kit horizontal rear terminals (HR) E1.2 F 4pcs inst
7 square male insert for external door,single door version|Betätigungsdorn Vierkant 7 mm für externe Tür, Version für Einzeltür
Circuit breaker
M  E1.2 48-60 V AC/DC|M  E1.2 48-60 V AC/DC
2 POLES|2 polig
Rating plug In=200A X1 UL|Rating plug In=200A X1 UL
X1B/E 1250 1000V AC special version|X1B/E 1250 1000V AC special version
KLC-S key lock in open position N.20007 E1.2|KLC-S key lock in open position N.20007 E1.2
Kit vertical rear terminals (VR) E1.2 F 3pcs inst|Kit vertical rear terminals (VR) E1.2 F 3pcs inst
Key|Schlüssel
Central sliding contact blocks for T7-T7M-X1 MP|Mittlerer Gleitkontakt mobiler Teil T7-T7M-X1 MP
PR112/P LSIG|PR112/P LSIG
PR332/P-LSI|PR332/P-LSI
KLC-A Kirk key lock in open position E1.2|KLC-A Kirk key lock in open position E1.2
Offset Column|DE Zwischenfeld
50 mm|50 mm
AUX 2Q 400V + AUX 2Q 24V DC E2.2?E6.
3 pole operation|3 polig schaltend
offset N/PE
IP54 protection for RHE|IP54 protection for RHE
IP Protection|IP Schutzart
M  E1.2 277 V AC|M  E1.2 277 V AC
Rated current|Bemessungsstrom
M  E1.2 100-130 V AC/DC|M  E1.2 100-130 V AC/DC
Rating plug RC In=1600A for PR332/PR333 LSIRc X1|Rating plug RC In=1600A for PR332/PR333 LSIRc X1
XR2/3 2 pole / 3 pole
.doc|.doc
AUX 4Q 400 V E2.2?E6.
SOR T7-T7M-X1 60Va.c./d.c.|SOR T7-T7M-X1 60Va.c./d.c.
6.4 triangular male insert on Ø 7.6 for external door, single door version|Betätigungsdorn Dreikant 6,4 mm; Ø7,6 für externe Tür, Version für Einzeltür
KLC-D T7M with different keys|KLC-D T7M with different keys
FIXED - GOST RUSSIA|Festeinbau - GOST Russland
PLL T7|PLL T7
YO2  E1.2..E6.2 24 V AC/DC|YO2  E1.2..E6.2 24 V AC/DC
CS N E2.2 2500A|CS N E2.2 2500A
2a|2A
1800|1800
2b|2b
Trip Reset T7M-X1 24...30Vac/dc for AUX-SA|Trip Reset T7M-X1 24...30Vac/dc for AUX-SA
153 mm|153 mm
for XZ3.. and RZB..|für XZ3... und RZB...
Color (RAL)|Farbe (RAL)
Connection direction|Abgangsrichtung
SOR T7-T7M-X1 220...240Va.c./d.c.|SOR T7-T7M-X1 220...240Va.c./d.c.
SCR T7M-X1 220...240Va.c./d.c.|SCR T7M-X1 220...240Va.c./d.c.
Icw|Bemessungskurzzeitstromfestigkeit Icw
1/2 Kit R (Rear) T7-T7M-X1 3pcs|1/2 Kit R (Rear) T7-T7M-X1 3pcs
M  E2.2...E6.2 220-250 V AC/DC|M  E2.2...E6.2 220-250 V AC/DC
Plastic flange with 3 cable sleeves 14-54 mm|Kunststoffflansch mit 3 Kabeltüllen 14-54 mm
M  E1.2 380-415 V AC + MC 24V|M  E1.2 380-415 V AC + MC 24V
PR231/P Interchangeability extracode|PR231/P Interchangeability extracode
Kit for joining structures|Verbindungsset Gerüst
SCR T7M-X1 240...250Va.c./d.c.|SCR T7M-X1 240...250Va.c./d.c.
3a|3a
Cabinet lighting|Schrankbeleuchtung
3b|3b
Name|Name
Open/closed and trip signalling auxiliary contacts|Hilfskontakte Aus/Ein/Ausgelöst
Ekip Measuring E2.2|Ekip Messmodul E2.2
KLP-S key lock racked in/out position N.20009 E2.2..E6.2 first key|KLP-S key lock racked in/out position N.20009 E2.2..E6.2 first key
Fuse Switch Disconnector
Kit for auxiliary voltage for PR332/P T7-T7M-X1|Kit for auxiliary voltage for PR332/P T7-T7M-X1
RTC Ekip 24V DC E1.2|RTC Ekip 24V DC E1.2
Qty|Stk.
SCR T7M-X1 480...500Va.c.|SCR T7M-X1 480...500Va.c.
Check calculation script log for errors|Bitte überprüfen Sie die Berechnungs-Log-Datei auf Fehler
WITHDRAWABLE FIX. PART UL/ANSI|Ausfahrbar Unterteil UL/ANSI
WITHDRAWABLE UL/ANSI|Ausfahrbar UL/ANSI
Mechanical operation counter T7M-X1|Schaltspielzähler mechanisch T7M-X1
Type A vertical E1.2?E6.
Number of Flanges|Anzahl Flansche
PR332/P-LI|PR332/P-LI
With cable connection|Mit Kabelanschluss
SMISSLINE TP|SMISSLINE TP
Ekip Measuring Pro E2.2|Ekip Messmodul Pro E2.2
Kit vertical rear spread terminals (SVR) E2.2 Iu=2000 4pcs inst|Kit vertical rear spread terminals (SVR) E2.2 Iu=2000 4pcs inst
4a|4a
4b|4b
Rating plug In=600A T7-T7M UL|Rating plug In=600A T7-T7M UL
PR330/R T7-T7M-X1|PR330/R T7-T7M-X1
Kit|Kit
Flange IP54 Ch. N.20005 E2.2...E6.2|Flange IP54 Ch. N.20005 E2.2...E6.2
General|Allgemein
YO  E1.2..E6.2 30 V AC/DC|YO  E1.2..E6.2 30 V AC/DC
Ekip LCD installed|Ekip LCD installiert
M  E2.2...E6.2 100-130 V AC/DC|M  E2.2...E6.2 100-130 V AC/DC
YO  E1.2..E6.2 277 V AC|YO  E1.2..E6.2 277 V AC
TMD-MI ADJUST.THERMOMAGNETIC|TMD-MI ADJUST.THERMOMAGNETIC
Communication module|Modul - Kommunikation
YO  E1.2..E6.2 500-550 V AC|YO  E1.2..E6.2 500-550 V AC
Show/Hide Dimensions|Abmessungen ein-/ausblenden
UVR T7-T7M-X1 480...500Va.c.|UVR T7-T7M-X1 480...500Va.c.
160 A|160 A
Yale insert+key for external door, single door version|Yale Einsatz+Schlüssel für Einzeltür
Functional Depth|Funktionelle Tiefe
PR332/P-MM-LSIG|PR332/P-MM-LSIG
PB200 T7-T7M-X1 4p Phase Separators High|PB100 T7-T7M-X1 4p Phasentrennwand Hoch
Shunt closing release|Shunt closing release
Russia|Russland
Empty|leer
AUX 4Q 24 V DC E2.2?E6.
SOR2 T7-T7M-X1 110...120Va.c./d.c.|SOR2 T7-T7M-X1 110...120Va.c./d.c.
ADJUSTABLE ONLY MAGNETIC13XIth|ADJUSTABLE ONLY MAGNETIC13XIth
UVR E1.2..E6.2 500-550 V AC|UVR E1.2..E6.2 500-550 V AC
SCR T7M-X1 380...400Va.c.|SCR T7M-X1 380...400Va.c.
UVD T7-T7M-X1 24...30Va.c./d.c.|UVD T7-T7M-X1 24...30Va.c./d.c.
AC22B at 690 V|Gebrauchskategorie AC22B bei 690V
Number of poles
Divert cover|DE Divert Abdeckung
Arrangement for cables with lower internal voltage outlets E1.2..E6.2|Kabelsatz für unteren internen Spannungsabgriff E1.2..E6.2
HTC T7-T7M-X1 F 4p Terminal covers High 2pcs|HTC T7-T7M-X1 F 4p Klemmenabdeckung hoch 2 Stück
Breaker Column|Leistungsschalterfeld
FRONT TERM. Cu/Al CAB.1X240MMQ|vorderseitige Anschlüsse für Cu/Al-Kabel 1x 240 mm²
Number of Phases|Anzahl der Phasen
Fixed circuit breaker or mobile part E2.2|Festeinbau/Ausfahrbar E2.2
Kit FC CuAl (Front for copper/aluminium cables) 2x240mm2 T7-T7M-X1 630 6pcs|KIT FC Cu (Vorderseitig für Kabel Kupfer) 2x240mm2 T7-T7M-X1 630 6Stk
Busbar|Sammelschiene
Kit EF (Front Extended) T7-T7M-X1 8pcs|Kit EF (Vorderseitig erweitert) T7-T7M-X1 8Stk
View:|Ansicht
Ringkernstromwandler E1.2 ? E6.2 250
Rating Plug RC R2000 E2.2..E6.2 inst|Rating Plug RC R2000 E2.2..E6.2 inst
Number of Poles|Anzahl der Pole
Busbar copper dimension|Abmessungen der Sammelschiene
Ekip Com Ethernet/IP E1.2..E6.2|Ekip Com Ethernet/IP E1.2..E6.2
Zip code|Postleitzahl
Busbar current|Sammelschienenstrom
Internal|intern
Measuring instruments|Messgeräte
Kit vertical rear terminals (VR) E2.2 Iu=2000 3pcs inst|Kit vertical rear terminals (VR) E2.2 Iu=2000 3pcs inst
KLC-A Ronis Profalux key lock in open position E2.2...E6.2|KLC-A Ronis Profalux key lock in open position E2.2...E6.2
Door Layer|Layer Türen
Busbar System|Sammelschienensystem
HMI030|HMI030
Rating Plug 1600 L OFF E1.2..E6.2 inst|Rating Plug 1600 L OFF E1.2..E6.2 inst
M  E1.2 380-415 V AC|M  E1.2 380-415 V AC
AUX-SA T7M-X1 1 S51 250Va.c.|AUX-SA T7M-X1 1 S51 250Va.c.
Kit ES (Front Extended Spread) T7-T7M-X1 6pcs|Kit ES (Vorderseitig gespreizt) T7-T7M-X1 6Stk
Fuse switch disconnector|Sicherungslasttrenner
FRONT TERMIN. FOR Cu/Al CABLES|vorderseitige Anschlüsse für Cu/Al-Kabel
Rating plug RC In=400A for PR332/PR333 LSIRc T7-T7M-X1|Rating plug RC In=400A for PR332/PR333 LSIRc T7-T7M-X1
Kit for auxiliary voltage for PR332/P-PR333/P T7-T7M-X1|Kit for auxiliary voltage for PR332/P-PR333/P T7-T7M-X1
Rating plug In=400A T7-T7M UL|Rating plug In=400A T7-T7M UL
PR221DS-I|PR221DS-I
Ekip Measuring Pro E4.2|Ekip Messmodul Pro E4.2
UVR T7-T7M-X1 110...120Va.c./d.c.|UVR T7-T7M-X1 110...120Va.c./d.c.
KLC-S key lock in open position N.20005 E2.2...E6.2|KLC-S key lock in open position N.20005 E2.2...E6.2
E2.2|E2.2
Kit front terminal (F) E2.2 F 4pcs inst|Kit front terminal (F) E2.2 F 4pcs inst
Lever|Hebelgriff
TMD-MI ADJUST.THERMOMAGN.50 C|TMD-MI ADJUST.THERMOMAGN.50 C
Two corner columns cannot be placed besides each other|Zwei Eckschränke können nicht nebeneinander aufgestellt werden
Ekip Com Profibus E1.2..E6.2|Ekip Com Profibus E1.2..E6.2
Circuit Breaker E1.2|offener Leistungsschalter Emax E1.2
Description|Beschreibung
Illegal|Nicht zulässig
German|Deutsch
Frame size current|DE_Frame size current
Ekip Com R Devicenet E1.2...E6.2|Ekip Com R Devicenet E1.2...E6.2
Installation position|Einbauposition
Rating Plug 2000 L OFF E2.2..E6.2 inst|Rating Plug 2000 L OFF E2.2..E6.2 inst
KLF-S T7 with same keys (N.20006) for rotary handle|KLF-S T7 with same keys (N.20006) for rotary handle
RTC 250V AC E1.2|RTC 250V AC E1.2
KLC-A Kirk key lock in open position E2.2...E6.2|KLC-A Kirk key lock in open position E2.2...E6.2
Partly Mounted (Cu Flatpack)|teilmontiert (Kupfer Flatpack)
XR1 4 pole
ONLY MAGNETIC 10XIth DC|nur Magnetauslöser 10x Ith DC
M E2.2...E6.2 100-130 V AC/DC + MC 24V|M E2.2...E6.2 100-130 V AC/DC + MC 24V
ONLY MAGNETIC 5XIth|nur Magnetauslöser 5x Ith
PE busbar copper lenght|Länge PE-Schiene
Fuse Size NH2 qty|Sicherung Größe NH2, Anzahl
Fixed circuit breaker or mobile part E4.2|Festeinbau/Ausfahrbar E4.2
630 A|630 A
X1 -40°C special versio|X1 -40°C Spezial Version
1 pole operation|1 polig schaltend
Ekip Com Actuator E1.2..E6.2|Ekip Com Actuator E1.2..E6.2
3xV-Clamps|3* V-Klemme
WITHDRAW.S5 400 FOR P/FIX.630|WITHDRAW.S5 400 FOR P/FIX.630
Results|Ergebnisse
M  E2.2...E6.2 48-60 V AC/DC|M  E2.2...E6.2 48-60 V AC/DC
CS N E4.2 3200A|CS N E4.2 3200A
Paste Selected Component|Markierte Elemente einfügen
BOM Document|Stückliste
Door lock T7M-X1 - floor fixed|Türverriegelung T7M-X1 - Befestigung am Boden
Protection for open/close pushbutton T7M-X1 - Indipendent|Protection for open/close pushbutton T7M-X1 - Indipendent
Ekip Measuring E6.2|Ekip Messmodul E6.2
KLC T7 predisposition for Profalux key lock|KLC T7 predisposition for Profalux key lock
E739 ronis insert+key for external door,single door version|E739 Ronis Einsatz mit Schlüssel für externe Tür, Version für Einzeltür
Ekip Measuring Pro E6.2|Ekip Messmodul Pro E6.2
High  E1.2 3P 2pcs|High  E1.2 3P 2pcs
Furnish without flange|Ausführung ohne Flansch
PR330/V with external socket for PR332/P-PR333/P T7M-X1|PR330/V with external socket for PR332/P-PR333/P T7M-X1
PR021/K T7-T7M-X1|PR021/K T7-T7M-X1
Switchboard Quantity|Anzahl Schaltanlage
FRONT TERMINALS FOR 4 CABLES|vorderseitige Anschlüsse für 4 Kabel
LTC T7-T7M-X1 F 3p Terminal covers low 2pcs|LTC T7-T7M-X1 3p Klemmenabdeckung niedrig 2Stk
YC  E1.2..E6.2 120-127 V AC/DC|YC  E1.2..E6.2 120-127 V AC/DC
KLP-S key lock racked in/out position N.20005 E2.2..E6.2 second key|KLP-S key lock racked in/out position N.20005 E2.2..E6.2 second key
PBC  D=7mm E2.2...E6.2|PBC  D=7mm E2.2...E6.2
1/2 Kit ES (Front Extended Spread) T7-T7M-X1 3pcs|1/2 Kit ES (Front Extended Spread) T7-T7M-X1 3pcs
SOR T7-T7M-X1 380...400Va.c.|SOR T7-T7M-X1 380...400Va.c.
Front view drawings|Frontansicht
Without Cu|Ohne Kupfer
1/2 Kit FC CuAl (Front for copper/aluminium cables) 4x240mm2 T7-T7M-X1 1250 3pcs|1/2 Kit FC CuAl (Front for copper/aluminium cables) 4x240mm2 T7-T7M-X1 1250 3pcs
Actuator module|Modul - Steuereinheit
UVR E1.2..E6.2 415-440 V AC|UVR E1.2..E6.2 415-440 V AC
KLP-A Castell key lock racked in/out position E2.2..E6.2 second key|KLP-A Castell key lock racked in/out position E2.2..E6.2 second key
Busbar System Distribution|Verteilsammelschiene
PLUG-IN|Steckvorrichtung
4 poles fixed circuit breaker or mobile part E6.2|Festeinbau/Ausfahrbar  E6.2 (4polig)
AUX T7 1Q + 1SY 400Va.c.|AUX T7 1Q + 1SY 400Va.c.
User|Anwender
High  E1.2 4P 2pcs|High  E1.2 4P 2pcs
Egypt|Ägypten
PR333/P-LSIG|PR333/P-LSIG
Ekip Com R Modbus RS-485 E1.2...E6.2|Ekip Com R Modbus RS-485 E1.2...E6.2
Column|Feld
Bracket for floor fixing T7-T7M-X1 Fixed|Montageplatte Bodenbefestigung  T7-T7M-X1 Festeinbau
UVR E1.2..E6.2 440-500 V AC|UVR E1.2..E6.2 440-500 V AC
TMD THERMOMAGNETIC 10XIth|TMD THERMOMAGNETIC 10XIth
Kit vertical rear spread terminals (SVR) E2.2 Iu=2500 4pcs inst|Kit vertical rear spread terminals (SVR) E2.2 Iu=2500 4pcs inst
YC  E1.2..E6.2 220-240 V AC/DC|YC  E1.2..E6.2 220-240 V AC/DC
Ringkernstromwandler E1.2 ? E6.2 400
AUX 6Q 24 V DC E2.2?E6.
Ekip Com IEC61850 E1.2..E6.2|Ekip Com IEC61850 E1.2..E6.2
PR332/P-LSIRc|PR332/P-LSIRc
CombiLine Column
Quantity|Stückzahl
UVR T7-T7M-X1 240...250Va.c./d.c.|UVR T7-T7M-X1 240...250Va.c./d.c.
PBC  D=4mm E1.2|PBC  D=4mm E1.2
Rating Plug 1000 L OFF E1.2..E6.2 inst|Rating Plug 1000 L OFF E1.2..E6.2 inst
Module Width|Modulbreite
Door|Tür
Contact|Kontakt
RTC 24V DC E2.2...E6.2|RTC 24V DC E2.2...E6.2
Door lock with cable T7M-X1|Türverriegelung mit Kabelzug T7M-X1
Kit 3 jumper U 4PS T7N-D/PV1000 UL1000VDC|Kit 3 jumper U 4PS T7N-D/PV1000 UL1000VDC
Flange 5|Flansch 5
Flange 4|Flansch 4
Fuse Size NH3 qty|Sicherung Größe NH3, Anzahl
Flange 3|Flansch 3
YC2  E1.2..E6.2 110-120 V AC/DC|YC2  E1.2..E6.2 110-120 V AC/DC
Flange 2|Flansch 2
Flange 1|Flansch 1
4P E4S/F FULL SIZE NEUTRAL|4P E4S/F FULL SIZE NEUTRAL
SOR2 T7-T7M-X1 60Va.c./d.c.|SOR2 T7-T7M-X1 60Va.c./d.c.
CS N E6.2|CS N E6.2
Pole Operation|DE Pole in Betrieb
PLL X1|PLL X1
"No.10 preconfigurated cable entry flanges
for 30 cables Ø min/max 4/10, 2 for
M20 Ø min/max 6/13mm and 2 cables
M25 Ø min/max 8/17mm"|"10ST Flanscheinsätze für 30x Kabel Ø min/max 4/10, 2x
