KEY|DE_Translation Software
|
-|-
.doc|.doc
.pdf|.pdf
.xls|.xls
<|<
< >|< >
>|>
> <|> <
1|1
1 pole operation|1 polig schaltend
1/2 Kit EF (Front Extended) T7-T7M-X1 3pcs|1/2 Kit EF (Front Extended) T7-T7M-X1 3pcs
1/2 Kit EF (Front Extended) T7-T7M-X1 4pcs|1/2 Kit EF (Front Extended) T7-T7M-X1 4pcs
1/2 Kit ES (Front Extended Spread) T7-T7M-X1 3pcs|1/2 Kit ES (Front Extended Spread) T7-T7M-X1 3pcs
1/2 Kit ES (Front Extended Spread) T7-T7M-X1 4pcs|1/2 Kit ES (Front Extended Spread) T7-T7M-X1 4pcs
1/2 Kit FC CuAl (Front for copper/aluminium cables) 2x240mm2 T7-T7M-X1 630 3pcs|1/2 Kit FC CuAl (Front for copper/aluminium cables) 2x240mm2 T7-T7M-X1 630 3pcs
1/2 Kit FC CuAl (Front for copper/aluminium cables) 2x240mm2 T7-T7M-X1 630 4pcs|1/2 Kit FC CuAl (Front for copper/aluminium cables) 2x240mm2 T7-T7M-X1 630 4pcs
1/2 Kit FC CuAl (Front for copper/aluminium cables) 4x240mm2 T7-T7M-X1 1250 3pcs|1/2 Kit FC CuAl (Front for copper/aluminium cables) 4x240mm2 T7-T7M-X1 1250 3pcs
1/2 Kit FC CuAl (Front for copper/aluminium cables) 4x240mm2 T7-T7M-X1 1250 4pcs|1/2 Kit FC CuAl (Front for copper/aluminium cables) 4x240mm2 T7-T7M-X1 1250 4pcs
1/2 Kit HR (Rear Horizontal) T7-T7M-X1 3pcs|1/2 Kit HR (Rear Horizontal) T7-T7M-X1 3pcs
1/2 Kit HR (Rear Horizontal) T7-T7M-X1 4pcs|1/2 Kit HR (Rear Horizontal) T7-T7M-X1 4pcs
1/2 Kit R (Rear) T7-T7M-X1 3pcs|1/2 Kit R (Rear) T7-T7M-X1 3pcs
1/2 Kit R (Rear) T7-T7M-X1 4pcs|1/2 Kit R (Rear) T7-T7M-X1 4pcs
1/2 Kit VR (Rear Vertical) T7-T7M-X1 3pcs|1/2 Kit VR (Rear Vertical) T7-T7M-X1 3pcs
1/2 Kit VR (Rear Vertical) T7-T7M-X1 4pcs|1/2 Kit VR (Rear Vertical) T7-T7M-X1 4pcs
100 mm|100 mm
1000|1000
100mm Compensator qty|100 mm Ausgleich, Anzahl
1250|1250
153 mm|153 mm
160 A|160 A
1800|1800
2 DC|2 DC
2 POLES|2 polig
200|200
2000|2000
2100|2100
250|250
250 A|250 A
2a|2A
2b|2b
3 pole operation|3 polig schaltend
3 POLES|3 Pole
3 poles fixed circuit breaker or mobile part E6.2|Festeinbau/Ausfahrbar  E6.2 (3polig)
300|300
3a|3a
3b|3b
3xM12 Universal Bolt|3x M12 Bolzen
3xM8 Bolt|3x M8 Bolzen
3xV-Clamps|3* V-Klemme
4 POLES|4 Pole
4 poles fixed circuit breaker or mobile part E6.2|Festeinbau/Ausfahrbar  E6.2 (4polig)
4 POLES FULLY RATED|4 polig, 100% N
400 A|400 A
4a|4a
4b|4b
4P E4S/F FULL SIZE NEUTRAL|4P E4S/F FULL SIZE NEUTRAL
50 mm|50 mm
500|500
50mm Compensator qty|50 mm Ausgleich, Anzahl
6.4 triangular male insert on Ø 7.6 for external door, single door version|Betätigungsdorn Dreikant 6,4 mm; Ø7,6 für externe Tür, Version für Einzeltür
630 A|630 A
7 square male insert for external door,single door version|Betätigungsdorn Vierkant 7 mm für externe Tür, Version für Einzeltür
700|700
750|750
900|900
A3|A3
A4 Landscape|A4 Querformat
A4 Portrait|A4 Hochformat
AC22B at 690 V|Gebrauchskategorie AC22B bei 690V
AC23B at 690 V|Gebrauchskategorie AC23B bei 690V
Accessories|Zubehör
Actuation module|Modul - Signalisierung
Actuator module|Modul - Steuereinheit
Add|hinzufügen
Additional shunt closing release|Zusätzlicher Einschaltauslöser
Additional shunt opening release|Zusätzlicher Arbeitsstromauslöser
Address|Adresse
ADJUSTABLE ONLY MAGNETIC - CM|ADJUSTABLE ONLY MAGNETIC - CM
ADJUSTABLE ONLY MAGNETIC13XIth|ADJUSTABLE ONLY MAGNETIC13XIth
Adjustment overcurrent release|Bemessungsstrommodul
All|Alle
Aluminium closed flanges|Verschlussflansch aus Aluminium
Aluminium flanges with cable sleeves 14-68mm|Aluminiumflansch mit Kabeltüllen 14-68mm
Application|Anwendung
Are you sure you want to close e-Configure?|Wollen Sie e-Configure wirklich schliessen?
Arrangement for cables with external voltage outlets E1.2..E6.2|Kabelsatz für externen Spannungsabgriff E1.2..E6.2
Arrangement for cables with lower internal voltage outlets E1.2..E6.2|Kabelsatz für unteren internen Spannungsabgriff E1.2..E6.2
Arrangement for cables with upper internal voltage outlets E1.2..E6.2|Kabelsatz für oberen internen Spannungsabgriff E1.2..E6.2
Article Type|Artikel Typ
AUE T7 400Va.c.|AUE T7 400Va.c.
Austria|Österreich
AUX 15Q 24 V DC E1.2|AUX 15Q 24 V DC E1.2
AUX 15Q 24 V DC E2.2…E6.|AUX 15Q 24 V DC E2.2…E6.
AUX 15Q 400 V E1.2|AUX 15Q 400 V E1.2
AUX 15Q 400 V E2.2…E6.|AUX 15Q 400 V E2.2…E6.
AUX 2Q 400V + AUX 2Q 24V DC E1.2|AUX 2Q 400V + AUX 2Q 24V DC E1.2
AUX 2Q 400V + AUX 2Q 24V DC E2.2…E6.|AUX 2Q 400V + AUX 2Q 24V DC E2.2…E6.
AUX 3Q 400 V + AUX 3Q 24 V DC E2.2…E6.|AUX 3Q 400 V + AUX 3Q 24 V DC E2.2…E6.
AUX 4Q 24 V DC E1.2|AUX 4Q 24 V DC E1.2
AUX 4Q 24 V DC E2.2…E6.|AUX 4Q 24 V DC E2.2…E6.
AUX 4Q 400 V E1.2|AUX 4Q 400 V E1.2
AUX 4Q 400 V E2.2…E6.|AUX 4Q 400 V E2.2…E6.
AUX 6Q 24 V DC E2.2…E6.|AUX 6Q 24 V DC E2.2…E6.
AUX 6Q 400 V E2.2…E6.|AUX 6Q 400 V E2.2…E6.
AUX T7 1Q + 1SY 24Vd.c.|AUX T7 1Q + 1SY 24V DC
AUX T7 1Q + 1SY 400Va.c.|AUX T7 1Q + 1SY 400Va.c.
AUX T7-T7M-X1 2Q 24Vd.c.|AUX T7-T7M-X1 2Q 24V DC
AUX T7-T7M-X1 2Q 400Va.c.|AUX T7-T7M-X1 2Q 400V AC/DCa.c.
AUX-RTC T7M-X1 24Vd.c.|AUX-RTC T7M-X1 24V DC
AUX-RTC T7M-X1 250Va.c./d.c.|AUX-RTC T7M-X1 250V AC/DC
AUX-SA T7 1 S51 24Vd.c.|AUX-SA T7 1 S51 24Vd.c.
AUX-SA T7 1 S51 250Va.c.|AUX-SA T7 1 S51 250Va.c.
AUX-SA T7M-X1 1 S51 24Vd.c.|AUX-SA T7M-X1 1 S51 24Vd.c.
AUX-SA T7M-X1 1 S51 250Va.c.|AUX-SA T7M-X1 1 S51 250Va.c.
AUX-SC T7M-X1 24Vdc|AUX-SC T7M-X1 24Vdc 
AUX-SC T7M-X1 250Vac/dc|AUX-SC T7M-X1 250Vac/dc 
Black|schwarz
Blind|Stahlblechtür
Blind cover 100 mm|Blindabdeckung 100 mm
Blind cover 50 mm|Blindabdeckung 50 mm
BlindDouble|Stahlblechdoppeltür
Blue|blau
BoM|Stückliste
BOM Document|Stückliste
Bottom|Boden
Bottom Panel|Bodenblech
Bracket for floor fixing T7-T7M-X1 Fixed|Montageplatte Bodenbefestigung  T7-T7M-X1 Festeinbau
Breaker Column|Leistungsschalterfeld
Breaker Kit|Bausatz Leistungsschalter
Breaking Class IEC 415V|Ausschaltvermögen IEC 415V
Brown|braun
BT030 T7-T7M-X1|BT030 T7-T7M-X1
Busbar|Sammelschiene
Busbar center spacing|Abstand Sammelschiene
Busbar connection cabinet-cabinet|Feld-Feld Sammelsschienenverbindung
Busbar copper dimension|Abmessungen der Sammelschiene
Busbar copper lenght|Länge der Sammelschiene
Busbar current|Sammelschienenstrom
Busbar for kit combination|DE Busbar for kit combination
Busbar Layer|Layer Sammelschiene
Busbar Rating|Bemessungsstrom der Sammelschiene
Busbar System|Sammelschienensystem
Busbar system 40/60mm|Sammelschienensystem 40/60 mm
Busbar System Distribution|Verteilsammelschiene
Cabinet lighting|Schrankbeleuchtung
Cable Compartment Column|Kabelanschlussraum
Cable connection|Kabelanschluss
Cable fastening|Kabelbefestigung
CB Interblocked note|Meldung 'verriegelt'
Central earthing point|Zentraler Erdungspunkt
Central sliding contact blocks for T7-T7M-X1 MP|Mittlerer Gleitkontakt mobiler Teil T7-T7M-X1 MP
Check calculation script log for errors|Bitte überprüfen Sie die Berechnungs-Log-Datei auf Fehler
Check configurator log for errors|Bitte überprüfen Sie die Konfigurations-Log-Datei auf Fehler
Circuit Breaker Device|Leistungsschalter
Circuit Breaker E1.2|offener Leistungsschalter Emax E1.2
Circuit Breaker E2.2|offener Leistungsschalter Emax E2.2
City|Stadt
Color (RAL)|Farbe (RAL)
Column|Feld
Column Type|Feldtyp
Combiline Column|CombiLine-Feld
Communication module|Modul - Kommunikation
Configurator|Konfigurator
Configure|konfigurieren
Connection direction|Abgangsrichtung
Connection Position|Positin des Anschlusses
Contact|Kontakt
Conversion kit fixed/withdrawable T7-T7M-X1 3p|KIT Umbausatz Festeinbau/Ausfahrbar T7-T7M-X1 3p
Conversion kit fixed/withdrawable T7-T7M-X1 4p|KIT Umbausatz Festeinbau/Ausfahrbar T7-T7M-X1 4p
Copy Selected Component|Markierte Elemente kopieren
Corner Column|Eckfeld
Country|Land
Coupler|Kupplung
Coupler Column|Kuppelfeld
CS E4.2 4000A - E6.2 N 50%|CS E4.2 4000A - E6.2 N 50%
CS N E1.2 - E2.2 2000A|CS N E1.2 - E2.2 2000A
CS N E2.2 2500A|CS N E2.2 2500A
CS N E4.2 3200A|CS N E4.2 3200A
CS N E6.2|CS N E6.2
Currency|Währung
Customer|Kunde
Data Collection|Zusammenfassung
Date|Datum
Delete Selected Component|Ausgewählte Elemente entfernen
Delivery Form|Lieferform
Denmark|Dänemark
Department|Abteilung
Description|Beschreibung
Device|Gerät
Device Holder|Gerätehalterung
Device Layer|Layer Geräte
Device quantity|Anzahl Geräte
Device type|Gerätetyp
Devices|Geräte
Dimension|Abmessungen
DIN rail mounting|DIN Rail Befestigung
Divert cover|DE Divert Abdeckung
DLC interlock cable door E1.2|DLC Kabel/Tür E1.2
DLC interlock cable door E2.2..E6.2|DLC Kabel/Tür E2.2..E6.2
DLC interlock direct door E1.2|DLC Tür E1.2
DLC interlock direct door E2.2..E6.2|DLC Tür E2.2..E6.2
DO NOT DISPLAY|DO NOT DISPLAY
Document Format|Dokumentenformat
Door|Tür
Door Layer|Layer Türen
Door lock T7M-X1 - floor fixed|Türverriegelung T7M-X1 - Befestigung am Boden
Door lock T7M-X1 - wall fixed|Türverriegelung T7M-X1 - Befestigung an der Wand
Door lock with cable T7M-X1|Türverriegelung mit Kabelzug T7M-X1
Double tab insert for closing handle/box|Doppelbart Einsatz für Verschlussmechanismus
DOWNSTREAM CONTACTS|D-Verkürzte Anschlüsse
Dummy insert (instead of a semi-cylinder)|Blindeinsatz anstelle eines Profilhalbzylinders
E1.2|E1.2
E2.2|E2.2
E739 ronis insert+key for external door,single door version|E739 Ronis Einsatz mit Schlüssel für externe Tür, Version für Einzeltür
Earth|Erde
Egypt|Ägypten
Ekip 10K E1.2...E6.2|Ekip 10K E1.2...E6.2
Ekip 2K-1 E1.2...E6.2|Ekip 2K-1 E1.2...E6.2
Ekip 2K-2 E1.2...E6.2|Ekip 2K-2 E1.2...E6.2
Ekip 2K-3 E1.2...E6.2|Ekip 2K-3 E1.2...E6.2
Ekip 4K E2.2..E6.2|Ekip 4K E2.2..E6.2
Ekip Com Actuator E1.2..E6.2|Ekip Com Actuator E1.2..E6.2
Ekip Com Bluetooth E1.2..E6.2|Ekip Com Bluetooth E1.2..E6.2
Ekip Com Devicenet E1.2..E6.2|Ekip Com Devicenet E1.2..E6.2
Ekip Com Ethernet/IP E1.2..E6.2|Ekip Com Ethernet/IP E1.2..E6.2
Ekip Com GPRS-M E1.2...E6.2|Ekip Com GPRS-M E1.2...E6.2
Ekip Com IEC61850 E1.2..E6.2|Ekip Com IEC61850 E1.2..E6.2
Ekip Com Modbus RS-485 E1.2..E6.2|Ekip Com Modbus RS-485 E1.2..E6.2
Ekip Com Modbus TCP E1.2..E6.2|Ekip Com Modbus TCP E1.2..E6.2
Ekip Com Profibus E1.2..E6.2|Ekip Com Profibus E1.2..E6.2
Ekip Com Profinet E1.2..E6.2|Ekip Com Profinet E1.2..E6.2
Ekip Com R Devicenet E1.2...E6.2|Ekip Com R Devicenet E1.2...E6.2
Ekip Com R Ethernet/IP E1.2..E6.2|Ekip Com R Ethernet/IP E1.2..E6.2
Ekip Com R Modbus RS-485 E1.2...E6.2|Ekip Com R Modbus RS-485 E1.2...E6.2
Ekip Com R Modbus TCP R E1.2...E6.2|Ekip Com R Modbus TCP R E1.2...E6.2
Ekip Com R Profibus E1.2...E6.2|Ekip Com R Profibus E1.2...E6.2
Ekip Com R Profinet E1.2...E6.2|Ekip Com R Profinet E1.2...E6.2
Ekip Control Panel 10 circuit-breakers|Ekip Kontrolleinheit 10 Leistungsschalter
Ekip Control Panel 30 circuit-breakers|Ekip Kontrolleinheit 30 Leistungsschalter
Ekip Control Panel alarm dispatcher option|Ekip Control Panel alarm dispatcher option
Ekip Control Panel license extension to 30 circuit-breakers|Ekip Kontrolleinheit Lizenz zur Erweiterung auf 30 Leistungsschalter
Ekip Control Panel option 5 access web client|Ekip Kontrolleinheit Option 5 Webzugriffe
Ekip LCD installed|Ekip LCD installiert
Ekip Link E1.2..E6.2|Ekip Link E1.2..E6.2
Ekip Measuring E1.2|Ekip Messmodul E1.2
Ekip Measuring E2.2|Ekip Messmodul E2.2
Ekip Measuring E4.2|Ekip Messmodul E4.2
Ekip Measuring E6.2|Ekip Messmodul E6.2
Ekip Measuring Pro E1.2|Ekip Messmodul Pro E1.2
Ekip Measuring Pro E2.2|Ekip Messmodul Pro E2.2
Ekip Measuring Pro E4.2|Ekip Messmodul Pro E4.2
Ekip Measuring Pro E6.2|Ekip Messmodul Pro E6.2
Ekip Multimeter E1.2...E6.2|Ekip Multimeter E1.2...E6.2
Ekip Power Controller  E1.2..E6.2|Ekip Power Controller  E1.2..E6.2
Ekip ready to close auxiliary contacts|Hilfskontakte - Einschaltbereitschaft (Ekip)
Ekip Supply 110-240V AC/DC E1.2..E6.2|Ekip Supply 110-240V AC/DC E1.2..E6.2
Ekip Supply 24-48V DC E1.2..E6.2|Ekip Supply 24-48V DC E1.2..E6.2
Ekip Synchrocheck E1.2...E6.2|Ekip Synchrocheck E1.2...E6.2
EKIP/D-LI|EKIP/D-LI
EKIP/D-LSI|EKIP/D-LSI
EKIP/D-LSIG|EKIP/D-LSIG
EKIP/G/HT-LSIG|EKIP/G/HT-LSIG
EKIP/G/T-LSIG|EKIP/G/T-LSIG
EKIP/HT-LSI|EKIP/HT-LSI
EKIP/HT-LSIG|EKIP/HT-LSIG
EKIP/T-LI|EKIP/T-LI
EKIP/T-LSI|EKIP/T-LSI
EKIP/T-LSIG|EKIP/T-LSIG
EKIP-I|EKIP-I
EKIP-LS/I|EKIP-LS/I
EKIP-LSI|EKIP-LSI
EKIP-LSIG|EKIP-LSIG
EKIP-M-I|EKIP-M-I
E-mail|E-mail
Empty|leer
Empty Column|Leerschrank
Enclosures|Schränke
End column must not be a corner|Das letzte Feld darf kein Eckfeld sein
English|Englisch
EXTENDED FRONT TERMINALS|erweiterte, vorderseitige Anschlüsse
External|extern
External 15 AUX Open/Closed (V<24V) X1|External 15 AUX Open/Closed (V<24V) X1 
External 15 AUX Open/Closed X1|External 15 AUX Open/Closed X1
External installed voltage outlets|Anschlüsse Spannungsmessung - Extern
External neutral In=200A X1|External neutral In=200A X1
External neutral In=400..1600A T7-T7M-X1|External neutral In=400..1600A T7-T7M-X1
Eyebolt for lifting?|Transportösen
FIAT key|FIAT Schlüssel
FIAT type insert for lever handle|Betätigungsdorn Typ FIAT für den Einsatz im Verschlussmechanismus
Finland|Finnland
First column cannot be a corner|Das erste Feld darf kein Eckfeld sein
FIXED|Festeinbau
FIXED - 1000 V|Festeinbau  - 1000 V
FIXED - GOST RUSSIA|Festeinbau - GOST Russland
FIXED - UL/CSA|Festeinbau - UL/CSA
FIXED - UL/CSA DC|Festeinbau - UL/CSA DC
Fixed circuit breaker or mobile part E2.2|Festeinbau/Ausfahrbar E2.2
Fixed circuit breaker or mobile part E4.2|Festeinbau/Ausfahrbar E4.2
Flange 1|Flansch 1
Flange 2|Flansch 2
Flange 3|Flansch 3
Flange 4|Flansch 4
Flange 5|Flansch 5
Flange IP54 Ch. diverse E1.2|Flange IP54 Ch. diverse E1.2
Flange IP54 Ch. diverse E2.2...E6.2|Flange IP54 Ch. diverse E2.2...E6.2
Flange IP54 Ch. N.20005 E1.2|Flange IP54 Ch. N.20005 E1.2
Flange IP54 Ch. N.20005 E2.2...E6.2|Flange IP54 Ch. N.20005 E2.2...E6.2
Flange set|Flansch Set
Flanges with rubber for cables|DE Membranflansch für Kabeleinführung
For E1.2|für E1.2
For E1.2, E2.2 3p|für E1.2, E2.2 3p
For E2.2 4p, E4.2 3p|für E2.2 4p, E4.2 3p
for XZ3..|für XZ3...
for XZ3.. and RZB..|für XZ3... und RZB...
Frame size|Gerüst Größe
Frame size current|DE_Frame size current
From Bottom|von unten
From Top|von oben
Front|Front
Front + Bottom|Front und Boden
Front + Top|Front und Dach
FRONT CABLE TERMINALS|vorderseitige Kabelanschlüsse
Front Panel|Frontplatte
FRONT TER.FOR Cu/Al CAB.<50MMQ|vorderseitige Anschlüsse für Cu/Al-Kabel max. 50 mm²
FRONT TER.FOR Cu/Al CAB.<90MMQ|vorderseitige Anschlüsse für Cu/Al-Kabel max. 90 mm²
FRONT TERM. Cu/Al CAB.1X240MMQ|vorderseitige Anschlüsse für Cu/Al-Kabel 1x 240 mm²
FRONT TERM. Cu/Al CAB.2X120MMQ|vorderseitige Anschlüsse für Cu/Al-Kabel 2x 240 mm²
FRONT TERMIN. FOR Cu/Al CABLES|vorderseitige Anschlüsse für Cu/Al-Kabel
FRONT TERMINALS|vorderseitige Anschlüsse
FRONT TERMINALS FOR 3 CABLES|vorderseitige Anschlüsse für 3 Kabel
FRONT TERMINALS FOR 4 CABLES|vorderseitige Anschlüsse für 4 Kabel
Front view drawings|Frontansicht
Functional Depth|Funktionelle Tiefe
Functional Height|Funktionelle Höhe
Functional Width|Funktionelle Breite
Furnish without flange|Ausführung ohne Flansch
Fuse Size|Sicherungsgröße
Fuse Size NH00 qty|Sicherung Größe NH00, Anzahl
Fuse Size NH1 qty|Sicherung Größe NH1, Anzahl
Fuse Size NH2 qty|Sicherung Größe NH2, Anzahl
Fuse Size NH3 qty|Sicherung Größe NH3, Anzahl
Fuse switch disconnector|Sicherungslasttrenner
Fuse Switch Disconnector Column| Feld für Sicherungslasttrenner
Fusegear Kit|Einbausatz Sicherungen
General|Allgemein
German|Deutsch
Germany|Deutschland
Glazed|Türe mit Sichtscheibe
GlazedDouble|Doppeltüre mit Sichtscheibe
Green|grün
Gross Price €|Bruttopreis in €
Gross Price Sum €|Summe Bruttopreis in €
H=100mm 4pz E1.2 F 3P|H=100mm 4pz E1.2 F 3P
H=100mm 6pz E1.2 F 4P|H=100mm 6pz E1.2 F 4P
H=200mm 4pz E1.2 F 3P|H=200mm 4pz E1.2 F 3P
H=200mm 6pz E1.2 F 4P|H=200mm 6pz E1.2 F 4P
Height|Höhe
High  E1.2 3P 2pcs|High  E1.2 3P 2pcs
High  E1.2 4P 2pcs|High  E1.2 4P 2pcs
HMI030|HMI030
Horizontal|horizontal
HTC T7-T7M-X1 F 3p Terminal covers High 2pcs|HTC T7-T7M-X1 F 3p Klemmenabdeckung hoch 2 Stück
HTC T7-T7M-X1 F 4p Terminal covers High 2pcs|HTC T7-T7M-X1 F 4p Klemmenabdeckung hoch 2 Stück
Icw|Bemessungskurzzeitstromfestigkeit Icw
Ie|Bemessungsbetriebsstrom Ie
Illegal|Nicht zulässig
Included|einschließlich
Incoming|Einspeisung
Incoming Column|Einspeisefeld
Info|Info
InLine 2|InLine II
Input|Eingang
Insert|Einsatz
Insert 8mm hex socket type for standard handle (Key not available)|Einsatz 8mm Innensechskant für Standard-Griff (Schlüssel nicht verfügbar)
Installation position|Einbauposition
Installation type|Einbautyp
Internal|intern
Internal/External|intern/extern
IP Protection|IP Schutzart
IP30|IP30
IP40|IP40
IP54 protection for RHE|IP54 protection for RHE
IP55|IP55
IP65|IP65
Key|Schlüssel
Key for triangular insert|Dreikantschlüssel
Key lock|Schlüsselschloss
Key zama for double tab insert|Schlüssel für Doppelbart-Einsatz
Kit|Kit
Kit 2 jumper 2+2PS T7N-D/PV1000 UL1000VDC|Kit 2 jumper 2+2PS T7N-D/PV1000 UL1000VDC
Kit 2 jumper U 2+2PS T7D/PV 1250 1500V DC|Kit 2 jumper U 2+2PS T7D/PV 1250 1500V DC
Kit 2 jumper U 2+2PS T7D/PV 1600 1500V DC|Kit 2 jumper U 2+2PS T7D/PV 1600 1500V DC
Kit 3 jumper U 4PS T7D/PV 1250 1100V DC|Kit 3 jumper U 4PS T7D/PV 1250 1100V DC
Kit 3 jumper U 4PS T7D/PV 1600 1100V DC|Kit 3 jumper U 4PS T7D/PV 1600 1100V DC
Kit 3 jumper U 4PS T7N-D/PV1000 UL1000VDC|Kit 3 jumper U 4PS T7N-D/PV1000 UL1000VDC
Kit cable for mechanical interlock T7-T7M-X1|KIT Kabel mechanische Verriegelung T7-T7M-X1
Kit cable for mechanical interlock with Emax|KIT Kabel mechanische Verriegelung Emax
Kit EF (Front Extended) T7-T7M-X1 6pcs|KIT EF (Vorderseitig erweitert) T7-T7M-X1 6Stk
Kit EF (Front Extended) T7-T7M-X1 8pcs|Kit EF (Vorderseitig erweitert) T7-T7M-X1 8Stk
Kit ES (Front Extended Spread) T7-T7M-X1 6pcs|Kit ES (Vorderseitig gespreizt) T7-T7M-X1 6Stk
Kit ES (Front Extended Spread) T7-T7M-X1 8pcs|Kit ES (Vorderseitig gespreizt) T7-T7M-X1 8Stk
Kit extended front terminals (EF) E1.2 F 3pcs inst|KIT EF (Vorderseitig erweitert)  E1.2 F 3Stk
Kit extended front terminals (EF) E1.2 F 4pcs inst|KIT EF (Vorderseitig erweitert)  E1.2 F 4Stk
Kit FC CuAl (Front for copper/aluminium cables) 2x240mm2 T7-T7M-X1 630 6pcs|KIT FC Cu (Vorderseitig für Kabel Kupfer) 2x240mm2 T7-T7M-X1 630 6Stk
Kit FC CuAl (Front for copper/aluminium cables) 2x240mm2 T7-T7M-X1 630 8pcs|Kit FC CuAl (Front for copper/aluminium cables) 2x240mm2 T7-T7M-X1 630 8pcs
Kit FC CuAl (Front for copper/aluminium cables) 4x240mm2 T7-T7M-X1 1250 4pcs|Kit FC CuAl (Front for copper/aluminium cables) 4x240mm2 T7-T7M-X1 1250 4pcs
Kit FC CuAl (Front for copper/aluminium cables) 4x240mm2 T7-T7M-X1 1250 6pcs|Kit FC CuAl (Front for copper/aluminium cables) 4x240mm2 T7-T7M-X1 1250 6pcs
Kit FC CuAl (Front for copper/aluminium cables) 4x240mm2 T7-T7M-X1 1250 8pcs|Kit FC CuAl (Front for copper/aluminium cables) 4x240mm2 T7-T7M-X1 1250 8pcs
Kit for auxiliary voltage for PR332/P T7-T7M-X1|Kit for auxiliary voltage for PR332/P T7-T7M-X1
Kit for auxiliary voltage for PR332/P-PR333/P T7-T7M-X1|Kit for auxiliary voltage for PR332/P-PR333/P T7-T7M-X1
Kit for joining structures|Verbindungsset Gerüst
Kit front spread terminals (ES) E1.2 F 3pcs inst|Kit front spread terminals (ES) E1.2 F 3pcs inst
Kit front spread terminals (ES) E1.2 F 4pcs inst|Kit front spread terminals (ES) E1.2 F 4pcs inst
Kit front terminal (F) E2.2 F 3pcs inst|Kit front terminal (F) E2.2 F 3pcs inst
Kit front terminal (F) E2.2 F 4pcs inst|Kit front terminal (F) E2.2 F 4pcs inst
Kit front terminal (F) E4.2 F 3pcs inst|Kit front terminal (F) E4.2 F 3pcs inst
Kit front terminal (F) E4.2 F 4pcs inst|Kit front terminal (F) E4.2 F 4pcs inst
Kit front terminal (F) E6.2 F 3pcs inst|Kit front terminal (F) E6.2 F 3pcs inst
Kit front terminal (F) E6.2 F 4p/f 4pcs inst|Kit front terminal (F) E6.2 F 4p/f 4pcs inst
Kit front terminal (F) E6.2 F 4pcs inst|Kit front terminal (F) E6.2 F 4pcs inst
Kit front terminals for copper/aluminium cables (FC CuAl)4x240 E1.2 F 3pcs inst|Kit front terminals for copper/aluminium cables (FC CuAl)4x240 E1.2 F 3pcs inst
Kit front terminals for copper/aluminium cables (FC CuAl)4x240 E1.2 F 4pcs inst|Kit front terminals for copper/aluminium cables (FC CuAl)4x240 E1.2 F 4pcs inst
Kit horizontal rear spread terminals (SHR) E2.2 Iu=2000 3pcs inst|Kit horizontal rear spread terminals (SHR) E2.2 Iu=2000 3pcs inst
Kit horizontal rear spread terminals (SHR) E2.2 Iu=2000 4pcs inst|Kit horizontal rear spread terminals (SHR) E2.2 Iu=2000 4pcs inst
Kit horizontal rear spread terminals (SHR) E2.2 Iu=2500 3pcs inst|Kit horizontal rear spread terminals (SHR) E2.2 Iu=2500 3pcs inst
Kit horizontal rear spread terminals (SHR) E2.2 Iu=2500 4pcs inst|Kit horizontal rear spread terminals (SHR) E2.2 Iu=2500 4pcs inst
Kit horizontal rear terminals (HR) E1.2 F 3pcs inst|Kit horizontal rear terminals (HR) E1.2 F 3pcs inst
Kit horizontal rear terminals (HR) E1.2 F 4pcs inst|Kit horizontal rear terminals (HR) E1.2 F 4pcs inst
Kit HR (Rear Horizontal) T7-T7M-X1 6pcs|Kit HR (Rear Horizontal) T7-T7M-X1 6pcs
Kit HR (Rear Horizontal) T7-T7M-X1 8pcs|Kit HR (Rear Horizontal) T7-T7M-X1 8pcs
Kit Layer|Layer Module
Kit R (Rear) T7-T7M-X1 6pcs|Kit R (Rear) T7-T7M-X1 6pcs
Kit R (Rear) T7-T7M-X1 8pcs|Kit R (Rear) T7-T7M-X1 8pcs
Kit vertical rear spread terminals (SVR) E2.2 Iu=2000 3pcs inst|Kit vertical rear spread terminals (SVR) E2.2 Iu=2000 3pcs inst
Kit vertical rear spread terminals (SVR) E2.2 Iu=2000 4pcs inst|Kit vertical rear spread terminals (SVR) E2.2 Iu=2000 4pcs inst
Kit vertical rear spread terminals (SVR) E2.2 Iu=2500 3pcs inst|Kit vertical rear spread terminals (SVR) E2.2 Iu=2500 3pcs inst
Kit vertical rear spread terminals (SVR) E2.2 Iu=2500 4pcs inst|Kit vertical rear spread terminals (SVR) E2.2 Iu=2500 4pcs inst
Kit vertical rear terminals (VR) E1.2 F 3pcs inst|Kit vertical rear terminals (VR) E1.2 F 3pcs inst
Kit vertical rear terminals (VR) E1.2 F 4pcs inst|Kit vertical rear terminals (VR) E1.2 F 4pcs inst
Kit vertical rear terminals (VR) E2.2 Iu=2000 3pcs inst|Kit vertical rear terminals (VR) E2.2 Iu=2000 3pcs inst
Kit vertical rear terminals (VR) E2.2 Iu=2000 4pcs inst|Kit vertical rear terminals (VR) E2.2 Iu=2000 4pcs inst
Kit vertical rear terminals (VR) E2.2 Iu=2500 3pcs inst|Kit vertical rear terminals (VR) E2.2 Iu=2500 3pcs inst
Kit vertical rear terminals (VR) E2.2 Iu=2500 4pcs inst|Kit vertical rear terminals (VR) E2.2 Iu=2500 4pcs inst
Kit vertical rear terminals (VR) E4.2 Iu=3200 3pcs inst|Kit vertical rear terminals (VR) E4.2 Iu=3200 3pcs inst
Kit vertical rear terminals (VR) E4.2 Iu=3200 4pcs inst|Kit vertical rear terminals (VR) E4.2 Iu=3200 4pcs inst
Kit vertical rear terminals (VR) E4.2 Iu=4000 3pcs inst|Kit vertical rear terminals (VR) E4.2 Iu=4000 3pcs inst
Kit vertical rear terminals (VR) E4.2 Iu=4000 4pcs inst|Kit vertical rear terminals (VR) E4.2 Iu=4000 4pcs inst
Kit vertical rear terminals (VR) E6.2 Iu=5000 3pcs inst|Kit vertical rear terminals (VR) E6.2 Iu=5000 3pcs inst
Kit vertical rear terminals (VR) E6.2 Iu=5000 4p/f 4pcs inst|Kit vertical rear terminals (VR) E6.2 Iu=5000 4p/f 4pcs inst
Kit vertical rear terminals (VR) E6.2 Iu=5000 4pcs inst|Kit vertical rear terminals (VR) E6.2 Iu=5000 4pcs inst
Kit vertical rear terminals (VR) E6.2 Iu=6300 3pcs inst|Kit vertical rear terminals (VR) E6.2 Iu=6300 3pcs inst
Kit vertical rear terminals (VR) E6.2 Iu=6300 4p/f 4pcs inst|Kit vertical rear terminals (VR) E6.2 Iu=6300 4p/f 4pcs inst
Kit vertical rear terminals (VR) E6.2 Iu=6300 4pcs inst|Kit vertical rear terminals (VR) E6.2 Iu=6300 4pcs inst
Kit VR (Rear Vertical) T7-T7M-X1 6pcs|Kit VR (Rear Vertical) T7-T7M-X1 6pcs
Kit VR (Rear Vertical) T7-T7M-X1 8pcs|Kit VR (Rear Vertical) T7-T7M-X1 8pcs
KLC T7 predisposition for Profalux key lock|KLC T7 predisposition for Profalux key lock
KLC T7 predisposition for Ronis key lock|KLC T7 predisposition for Ronis key lock
KLC T7M predisposition for Profalux key lock|KLC T7M predisposition for Profalux key lock
KLC T7M predisposition for Ronis key lock|KLC T7M predisposition for Ronis key lock
KLC X1 predisposition for Profalux key lock|KLC X1 predisposition for Profalux key lock
KLC X1 predisposition for Ronis key lock|KLC X1 predisposition for Ronis key lock
KLC-A Castell key lock in open position E1.2|KLC-A Castell key lock in open position E1.2
KLC-A Castell key lock in open position E2.2...E6.2|KLC-A Castell key lock in open position E2.2...E6.2
KLC-A Kirk key lock in open position E1.2|KLC-A Kirk key lock in open position E1.2
KLC-A Kirk key lock in open position E2.2...E6.2|KLC-A Kirk key lock in open position E2.2...E6.2
KLC-A Ronis Profalux key lock in open position E1.2|KLC-A Ronis Profalux key lock in open position E1.2
KLC-A Ronis Profalux key lock in open position E2.2...E6.2|KLC-A Ronis Profalux key lock in open position E2.2...E6.2
KLC-D key lock in open position E1.2|KLC-D key lock in open position E1.2
KLC-D key lock in open position E2.2...E6.2|KLC-D key lock in open position E2.2...E6.2
KLC-D T7 with different keys|KLC-D T7 with different keys
KLC-D T7M with different keys|KLC-D T7M with different keys
KLC-D X1 with different keys|KLC-D X1 with different keys
KLC-S key lock in open position N.20005 E1.2|KLC-S key lock in open position N.20005 E1.2
KLC-S key lock in open position N.20005 E2.2...E6.2|KLC-S key lock in open position N.20005 E2.2...E6.2
KLC-S key lock in open position N.20006 E1.2|KLC-S key lock in open position N.20006 E1.2
KLC-S key lock in open position N.20006 E2.2...E6.2|KLC-S key lock in open position N.20006 E2.2...E6.2
KLC-S key lock in open position N.20007 E1.2|KLC-S key lock in open position N.20007 E1.2
KLC-S key lock in open position N.20007 E2.2...E6.2|KLC-S key lock in open position N.20007 E2.2...E6.2
KLC-S key lock in open position N.20008 E1.2|KLC-S key lock in open position N.20008 E1.2
KLC-S key lock in open position N.20008 E2.2...E6.2|KLC-S key lock in open position N.20008 E2.2...E6.2
KLC-S key lock in open position N.20009 E1.2|KLC-S key lock in open position N.20009 E1.2
KLC-S key lock in open position N.20009 E2.2...E6.2|KLC-S key lock in open position N.20009 E2.2...E6.2
KLC-S T7 with same keys (N.20005)|KLC-S T7 with same keys (N.20005)
KLC-S T7 with same keys (N.20006)|KLC-S T7 with same keys (N.20006)
KLC-S T7 with same keys (N.20007)|KLC-S T7 with same keys (N.20007)
KLC-S T7 with same keys (N.20008)|KLC-S T7 with same keys (N.20008)
KLC-S T7M with same keys (N.20005)|KLC-S T7M with same keys (N.20005)
KLC-S T7M with same keys (N.20006)|KLC-S T7M with same keys (N.20006)
KLC-S T7M with same keys (N.20007)|KLC-S T7M with same keys (N.20007)
KLC-S T7M with same keys (N.20008)|KLC-S T7M with same keys (N.20008)
KLC-S X1 with same keys (N.20005)|KLC-S X1 with same keys (N.20005)
KLC-S X1 with same keys (N.20006)|KLC-S X1 with same keys (N.20006)
KLC-S X1 with same keys (N.20007)|KLC-S X1 with same keys (N.20007)
KLC-S X1 with same keys (N.20008)|KLC-S X1 with same keys (N.20008)
KLF T7 predisposition for Profalux key lock for rotary handle|KLF T7 predisposition for Profalux key lock for rotary handle
KLF T7 predisposition for Ronis key lock for rotary handle|KLF T7 predisposition for Ronis key lock for rotary handle
KLF-D T7 with different keys for rotary handle|KLF-D T7 with different keys for rotary handle
KLF-S T7 with same keys (N.20005) for rotary handle|KLF-S T7 with same keys (N.20005) for rotary handle
KLF-S T7 with same keys (N.20006) for rotary handle|KLF-S T7 with same keys (N.20006) for rotary handle
KLF-S T7 with same keys (N.20007) for rotary handle|KLF-S T7 with same keys (N.20007) for rotary handle
KLF-S T7 with same keys (N.20008) for rotary handle|KLF-S T7 with same keys (N.20008) for rotary handle
KLP-A Castell key lock racked in/out position E2.2..E6.2 second key|KLP-A Castell key lock racked in/out position E2.2..E6.2 second key
KLP-A Ronis Profalux Kirk key lock racked in/out position E2.2..E6.2 second key|KLP-A Ronis Profalux Kirk key lock racked in/out position E2.2..E6.2 second key
KLP-D Castell key lock racked in/out position E2.2..E6.2 first key|KLP-D Castell key lock racked in/out position E2.2..E6.2 first key
KLP-D key lock racked in/out position E2.2..E6.2 first key|KLP-D key lock racked in/out position E2.2..E6.2 first key
KLP-D key lock racked in/out position E2.2..E6.2 second key|KLP-D key lock racked in/out position E2.2..E6.2 second key
KLP-D Ronis Profalux Kirk key lock racked in/out position E2.2..E6.2 first key|KLP-D Ronis Profalux Kirk key lock racked in/out position E2.2..E6.2 first key
KLP-S key lock racked in/out position N.20005 E2.2..E6.2 first key|KLP-S key lock racked in/out position N.20005 E2.2..E6.2 first key
KLP-S key lock racked in/out position N.20005 E2.2..E6.2 second key|KLP-S key lock racked in/out position N.20005 E2.2..E6.2 second key
KLP-S key lock racked in/out position N.20006 E2.2..E6.2 first key|KLP-S key lock racked in/out position N.20006 E2.2..E6.2 first key
KLP-S key lock racked in/out position N.20006 E2.2..E6.2 second key|KLP-S key lock racked in/out position N.20006 E2.2..E6.2 second key
KLP-S key lock racked in/out position N.20007 E2.2..E6.2 first key|KLP-S key lock racked in/out position N.20007 E2.2..E6.2 first key
KLP-S key lock racked in/out position N.20007 E2.2..E6.2 second key|KLP-S key lock racked in/out position N.20007 E2.2..E6.2 second key
KLP-S key lock racked in/out position N.20008 E2.2..E6.2 first key|KLP-S key lock racked in/out position N.20008 E2.2..E6.2 first key
KLP-S key lock racked in/out position N.20008 E2.2..E6.2 second key|KLP-S key lock racked in/out position N.20008 E2.2..E6.2 second key
KLP-S key lock racked in/out position N.20009 E2.2..E6.2 first key|KLP-S key lock racked in/out position N.20009 E2.2..E6.2 first key
KLP-S key lock racked in/out position N.20009 E2.2..E6.2 second key|KLP-S key lock racked in/out position N.20009 E2.2..E6.2 second key
Language|Sprache
Left|Links
Left sliding contact blocks for T7-T7M-X1 MP|Linker Gleitkontakt mobiler Teil T7-T7M-X1 MP
Lever|Hebelgriff
Lever handle whitout push-button|Hebelgriff ohne Drucktaster
Lever Position|Position Hebelgriff
Lever semicylinder inserts (40mm)|Hebelgriff für Profilhalbzylinder (40mm)
Loose Accessories|Einzelne Zubehörteile
Loose item|Einzelne Artikel
Low  E1.2 3P F 2pcs|Niedrig  E1.2 3P 2Stk
Low  E1.2 4P F 2pcs|Niedrig  E1.2 4P 2Stk
LTC T7-T7M-X1 F 3p Terminal covers low 2pcs|LTC T7-T7M-X1 3p Klemmenabdeckung niedrig 2Stk
LTC T7-T7M-X1 F 4p Terminal covers low 2pcs|LTC T7-T7M-X1 4p Klemmenabdeckung niedrig 2Stk
M  E1.2 100-130 V AC/DC|M  E1.2 100-130 V AC/DC
M  E1.2 220-250 V AC/DC|M  E1.2 220-250 V AC/DC
M  E1.2 24-30 V AC/DC|M  E1.2 24-30 V AC/DC
M  E1.2 24-30 V AC/DC + MC 24V|M  E1.2 24-30 V AC/DC + MC 24V
M  E1.2 277 V AC|M  E1.2 277 V AC
M  E1.2 277 V AC + MC 24V|M  E1.2 277 V AC + MC 24V
M  E1.2 380-415 V AC|M  E1.2 380-415 V AC
M  E1.2 380-415 V AC + MC 24V|M  E1.2 380-415 V AC + MC 24V
M  E1.2 48-60 V AC/DC|M  E1.2 48-60 V AC/DC
M  E1.2 48-60 V AC/DC + MC 24V|M  E1.2 48-60 V AC/DC + MC 24V
M  E2.2...E6.2 100-130 V AC/DC|M  E2.2...E6.2 100-130 V AC/DC
M  E2.2...E6.2 220-250 V AC/DC|M  E2.2...E6.2 220-250 V AC/DC
M  E2.2...E6.2 24-30 V AC/DC|M  E2.2...E6.2 24-30 V AC/DC
M  E2.2...E6.2 277 V AC|M  E2.2...E6.2 277 V AC
M  E2.2...E6.2 380-415 V AC|M  E2.2...E6.2 380-415 V AC
M  E2.2...E6.2 440-480 V AC|M  E2.2...E6.2 440-480 V AC
M  E2.2...E6.2 48-60 V AC/DC|M  E2.2...E6.2 48-60 V AC/DC
M E1.2 100-130 V AC/DC + MC 24V|M E1.2 100-130 V AC/DC + MC 24V
M E1.2 220-250 V AC/DC + MC 24V|M E1.2 220-250 V AC/DC + MC 24V
M E2.2...E6.2 100-130 V AC/DC + MC 24V|M E2.2...E6.2 100-130 V AC/DC + MC 24V
M E2.2...E6.2 220-250 V AC/DC + MC 24V|M E2.2...E6.2 220-250 V AC/DC + MC 24V
M E2.2...E6.2 24-30 V AC/DC + MC 24V|M E2.2...E6.2 24-30 V AC/DC + MC 24V
M E2.2...E6.2 277 V AC + MC 24V|M E2.2...E6.2 277 V AC + MC 24V
M E2.2...E6.2 380-415 V AC + MC 24V|M E2.2...E6.2 380-415 V AC + MC 24V
M E2.2...E6.2 440-480 V AC + MC 24V|M E2.2...E6.2 440-480 V AC + MC 24V
M E2.2...E6.2 48-60 V AC/DC + MC 24V|M E2.2...E6.2 48-60 V AC/DC + MC 24V
M T7M-X1 100...130Vac/dc|M T7M-X1 100...130Vac/dc
M T7M-X1 220...250Vac/dc|M T7M-X1 220...250Vac/dc
M T7M-X1 24...30Vac/dc|M T7M-X1 24...30Vac/dc
M T7M-X1 380...415Vac|M T7M-X1 380...415Vac
M T7M-X1 48...60Vac/dc|M T7M-X1 48...60Vac/dc
Maximum of 4 corners in a switchboard|Maximal 4 Eckfelder in einer Schaltanlage
MCP/UL|MCP/UL
MCS|DE MCS
Measuring instruments|Messgeräte
Mechanical operation counter T7M-X1|Schaltspielzähler mechanisch T7M-X1
Meter mounting plate|Montageplatte für Messgeräte
MOC  E1.2|MOC  E1.2
MOC  E2.2..E6.2|MOC  E2.2..E6.2
Module 1|Modul 1
Module 2|Modul 2
Module 3|Modul 3
Module Depth|Modultiefe
Module Width|Modulbreite
Moulded case circuit breaker|Kompakteistungsschalter
Mounted|montiert
Mounting plate|Montageplatte
Mounting Type|Montagetyp
N busbar copper dimension|Abmessungen N-Schiene
N busbar copper lenght|Länge N-Schiene
N/PE busbar system|N/PE Sammelschienensystem
N/PE offset|DE   N/PE offset
N100%|N100%
N50%|N50%
Name|Name
Netherlands|Niederlande
Neutral|Neutral
No|Nein
"No.10 preconfigurated cable entry flanges
for 18 cables Ø min/max 7/14 and
10 cables Ø min/max 4/10mm"|"10ST Flanscheinsätze für
18x Kabel Ø min/max 7/14 und
10x Kabel Ø min/max 4/10mm"
"No.10 preconfigurated cable entry flanges
for 30 cables Ø min/max 4/10, 2 for
M20 Ø min/max 6/13mm and 2 cables
M25 Ø min/max 8/17mm"|"10ST Flanscheinsätze für 30x Kabel Ø min/max 4/10, 2x
M20 Ø min/max 6/13mm und 2x
M25 Ø min/max 8/17mm"
NON AUTOMATIC|keine Automatik
Norway|Norwegen
Not mounted (Flatpack)|unmontiert (Flatpack)
Number|Anzahl
Number of Flanges|Anzahl Flansche
Number of Phases|Anzahl der Phasen
Number of Poles|Anzahl der Pole
Offset Column|DE Zwischenfeld
ONLY MAGNETIC 10XIth|nur Magnetauslöser 10x Ith
ONLY MAGNETIC 10XIth DC|nur Magnetauslöser 10x Ith DC
ONLY MAGNETIC 13XIth|nur Magnetauslöser 13x Ith
ONLY MAGNETIC 5XIth|nur Magnetauslöser 5x Ith
Open/Blind|offen/geschlossen
Open/closed and trip signalling auxiliary contacts|Hilfskontakte Aus/Ein/Ausgelöst
Open/closed auxiliary contacts|Hilfskontakte Aus/Ein
Ord. no.|Auftragsnummer
Order with copper|Bestellung inclusive Verkupferung
Orientation|Ausrichtung
Outgoing Column|Abgangsfeld
Padlock device|Vorhängeschloss
Padlockable lever handle (spare)|Hebelgriff für Vorhängeschloss
Panel product line|Produktlinie
Partition wall horizontal|Horizontale Trennwand
Partly Mounted (Cu Flatpack)|teilmontiert (Kupfer Flatpack)
Paste Selected Component|Markierte Elemente einfügen
PB100 T7-X1 3p Phase Separators Low|PB100 T7-T7M-X1 3p Phasentrennwand Niedrig
PB100 T7-X1 4p Phase Separators Low|PB100 T7-T7M-X1 4p Phasentrennwand Niedrig
PB200 T7-T7M-X1 3p Phase Separators High|PB100 T7-T7M-X1 3p Phasentrennwand Hoch
PB200 T7-T7M-X1 4p Phase Separators High|PB100 T7-T7M-X1 4p Phasentrennwand Hoch
PBC  D=4mm E1.2|PBC  D=4mm E1.2
PBC  D=4mm E2.2...E6.2|PBC  D=4mm E2.2...E6.2
PBC  D=7mm E1.2|PBC  D=7mm E1.2
PBC  D=7mm E2.2...E6.2|PBC  D=7mm E2.2...E6.2
PBC  D=8mm E1.2|PBC  D=8mm E1.2
PBC  D=8mm E2.2...E6.2|PBC  D=8mm E2.2...E6.2
PBC  E1.2|PBC  E1.2
PBC  E2.2..E6.2|PBC  E2.2..E6.2
PDC Configuration|PDC Konfiguration
PE busbar copper dimension|Abmessungen PE-Schiene
PE busbar copper lenght|Länge PE-Schiene
Percentage|Prozent
Phase|Phase
Phone|Telefon
Plastic closing flanges|Verschlussflansch aus Kunststoff
"Plastic flange with 1 cable sleeve
For cable sections 1x14 up to 68mm"|Kunststoffflansch mit Kabeltülle 14-68 mm
Plastic flange with 2 cable sleeves 14-68 mm|Kunststoffflansch mit 2 Kabeltüllen 14-68 mm
"Plastic flange with 2 cable sleeves
For cable sections 2x14 up to 68mm"|Kunststoffflansch mit 2 Kabeltüllen 14-68 mm
Plastic flange with 3 cable sleeves 14-54 mm|Kunststoffflansch mit 3 Kabeltüllen 14-54 mm
"Plastic flange with 3 cable sleeves
For cable sections 3x14 up to 54mm"|Kunststoffflansch mit 3 Kabeltüllen 14-54 mm
"Plastic flanges for M-screw fittings
4xM20/M25; 22xM20"|Kunststoffflansch 4xM20/M25; 22xM20
"Plastic flanges for M-screw fittings:
1xM63/M50; 2xM32/M20; 5xM25; 5xM20"|Kunststoffflansch 1xM63/M50; 2xM32/M20; 5xM25; 5xM20
"Plastic membrane flange for cable section:
2x6-32.5mm; 2x6-25mm; 4x6-19mm;
10x6-15mm; 2x6-12mm, 31x6-11mm;
1x6-7mm"|"Membranflansch für Leitungsdurchmesser:
2x6-32.5mm; 2x6-25mm; 4x6-19mm;
10x6-15mm; 2x6-12mm, 31x6-11mm;
1x6-7mm"
Plate for mechanical interlock - floor fixed|Montageplatte mechanische Verriegelung - Bodenbefestigung
Plate for mechanical interlock - wall fixed|Montageplatte mechanische Verriegelung - Wandbefestigung
PLC E1.2 padlocks in open position D=4mm|PLC E1.2 Verriegelung Vorhängeschloss AUS-Stellung D=4mm
PLC E1.2 padlocks in open position D=7mm|PLC E1.2 Verriegelung Vorhängeschloss AUS-Stellung D=7mm
PLC E1.2 padlocks in open position D=8mm|PLC E1.2 Verriegelung Vorhängeschloss AUS-Stellung D=8mm
PLC E2.2..E6.2 padlocks in open position D=4mm|PLC E2.2..E6.2 Verriegelung Vorhängeschloss AUS-Stellung D=4mm
PLC E2.2..E6.2 padlocks in open position D=7mm|PLC E2.2..E6.2 Verriegelung Vorhängeschloss AUS-Stellung D=7mm
PLC E2.2..E6.2 padlocks in open position D=8mm|PLC E2.2..E6.2 Verriegelung Vorhängeschloss AUS-Stellung D=8mm
Plinth Flanges|Sockelleisten
Plinth Height|Sockelhöhe
PLL T7|PLL T7
PLL T7M|PLL T7M
PLL X1|PLL X1
PLP padlocks racked in/out position D=4/6/8mm E2.2..E6.2|PLP Verriegelung Vorhängeschlösser Fahrstellung D=4/6/8mm E2.2..E6.2
PLUG-IN|Steckvorrichtung
PLUG-IN FOR FIXED PART|Steckvorrichtung - fester Teil
Poland|Polen
Pole Operation|DE Pole in Betrieb
Poles|Pole
Position|Position
PR021/K T7-T7M-X1|PR021/K T7-T7M-X1
PR030/B T7-T7M-X1|PR030/B T7-T7M-X1
PR111/P LI|PR111/P LI
PR111/P LSI|PR111/P LSI
PR111/P LSIG|PR111/P LSIG
PR112/P LSI|PR112/P LSI
PR112/P LSIG|PR112/P LSIG
PR112/PD LSI|PR112/PD LSI
PR112/PD LSIG|PR112/PD LSIG
PR211/P I|PR211/P I
PR211/P LI|PR211/P LI
PR212/MP|PR212/MP
PR212/P LSI|PR212/P LSI
PR212/P LSIG|PR212/P LSIG
PR221DS-I|PR221DS-I
PR221DS-LS|PR221DS-LS
PR231/P Interchangeability extracode|PR231/P Interchangeability extracode
PR231/P-I|PR231/P-I
PR231/P-LS/I|PR231/P-LS/I
PR232/P-LSI|PR232/P-LSI
PR330/D-M T7-T7M-X1|PR330/D-M T7-T7M-X1
PR330/R T7-T7M-X1|PR330/R T7-T7M-X1
PR330/V with external socket for PR332/P T7|PR330/V with external socket for PR332/P T7
PR330/V with external socket for PR332/P-PR333/P T7M-X1|PR330/V with external socket for PR332/P-PR333/P T7M-X1
PR330/V with internal socket for PR332/P T7|PR330/V with internal socket for PR332/P T7
PR330/V with internal socket for PR332/P-PR333/P T7M-X1|PR330/V with internal socket for PR332/P-PR333/P T7M-X1
PR331/P-LI|PR331/P-LI
PR331/P-LSI|PR331/P-LSI
PR331/P-LSIG|PR331/P-LSIG
PR331/P-PR332/P trip unit adapters T7|PR331/P-PR332/P trip unit adapters T7
PR332/P-LI|PR332/P-LI
PR332/P-LSI|PR332/P-LSI
PR332/P-LSIG|PR332/P-LSIG
PR332/P-LSIRc|PR332/P-LSIRc
PR332/P-MM-LSIG|PR332/P-MM-LSIG
PR333/P-LSI|PR333/P-LSI
PR333/P-LSIG|PR333/P-LSIG
PR33x/P trip unit adapters T7M-X1|PR33x/P trip unit adapters T7M-X1
Price List|Preisliste
Product Line|Produktlinie
Project|Projekt
Properties|Bestandteile
Protection for door IP54 T7M-X1|Protection for door IP54 T7M-X1
Protection for open/close pushbutton T7M-X1|Protection for open/close pushbutton T7M-X1
Protection for open/close pushbutton T7M-X1 - Indipendent|Protection for open/close pushbutton T7M-X1 - Indipendent
Protection for open/close pushbuttons|Protection for open/close pushbuttons
Qty|Stk.
Quantity|Stückzahl
Rated continuous current|Bemessungsdauerstrom
Rated current|Bemessungsstrom
Rating|Bemessung
Rating Plug 100 E1.2..E2.2 inst|Rating Plug 100 E1.2..E2.2 inst
Rating Plug 100 L OFF E1.2..E2.2 inst|Rating Plug 100 L OFF E1.2..E2.2 inst
Rating Plug 1000 E1.2..E6.2 inst|Rating Plug 1000 E1.2..E6.2 inst
Rating Plug 1000 L OFF E1.2..E6.2 inst|Rating Plug 1000 L OFF E1.2..E6.2 inst
Rating Plug 1250 E1.2..E6.2 inst|Rating Plug 1250 E1.2..E6.2 inst
Rating Plug 1250 L OFF E1.2..E6.2 inst|Rating Plug 1250 L OFF E1.2..E6.2 inst
Rating Plug 1600 E2.2..E6.2 inst|Rating Plug 1600 E2.2..E6.2 inst
Rating Plug 1600 L OFF E1.2..E6.2 inst|Rating Plug 1600 L OFF E1.2..E6.2 inst
Rating Plug 200 E1.2..E2.2 inst|Rating Plug 200 E1.2..E2.2 inst
Rating Plug 200 L OFF E1.2..E2.2 inst|Rating Plug 200 L OFF E1.2..E2.2 inst
Rating Plug 2000 L OFF E2.2..E6.2 inst|Rating Plug 2000 L OFF E2.2..E6.2 inst
Rating Plug 250 E1.2..E2.2 inst|Rating Plug 250 E1.2..E2.2 inst
Rating Plug 250 L OFF E1.2..E2.2 inst|Rating Plug 250 L OFF E1.2..E2.2 inst
Rating Plug 2500 E4.2..E6.2 inst|Rating Plug 2500 E4.2..E6.2 inst
Rating Plug 2500 L OFF E2.2..E6.2 inst|Rating Plug 2500 L OFF E2.2..E6.2 inst
Rating Plug 3200 E4.2..E6.2 inst|Rating Plug 3200 E4.2..E6.2 inst
Rating Plug 3200 L OFF E4.2..E6.2 inst|Rating Plug 3200 L OFF E4.2..E6.2 inst
Rating Plug 400 E1.2..E6.2 inst|Rating Plug 400 E1.2..E6.2 inst
Rating Plug 400 L OFF E1.2..E6.2 inst|Rating Plug 400 L OFF E1.2..E6.2 inst
Rating Plug 4000 E6.2 inst|Rating Plug 4000 E6.2 inst
Rating Plug 4000 L OFF E4.2..E6.2 inst|Rating Plug 4000 L OFF E4.2..E6.2 inst
Rating Plug 5000 E6.2 inst|Rating Plug 5000 E6.2 inst
Rating Plug 5000 L OFF E6.2 inst|Rating Plug 5000 L OFF E6.2 inst
Rating Plug 630 E1.2..E6.2 inst|Rating Plug 630 E1.2..E6.2 inst
Rating Plug 630 L OFF E1.2..E6.2 inst|Rating Plug 630 L OFF E1.2..E6.2 inst
Rating Plug 6300 L OFF E6.2 inst|Rating Plug 6300 L OFF E6.2 inst
Rating Plug 800 E1.2..E6.2 inst|Rating Plug 800 E1.2..E6.2 inst
Rating Plug 800 L OFF E1.2..E6.2 inst|Rating Plug 800 L OFF E1.2..E6.2 inst
Rating plug In=1000A T7-T7M UL|Rating plug In=1000A T7-T7M UL
Rating plug In=1000A T7-T7M-X1|Rating plug In=1000A T7-T7M-X1
Rating plug In=1200A T7-T7M UL|Rating plug In=1200A T7-T7M UL
Rating plug In=1250A T7-T7M-X1|Rating plug In=1250A T7-T7M-X1
Rating plug In=200A X1 UL|Rating plug In=200A X1 UL
Rating plug In=400A T7-T7M UL|Rating plug In=400A T7-T7M UL
Rating plug In=400A T7-T7M-X1|Rating plug In=400A T7-T7M-X1
Rating plug In=400A X1 UL|Rating plug In=400A X1 UL
Rating plug In=600A T7-T7M UL|Rating plug In=600A T7-T7M UL
Rating plug In=600A X1 UL|Rating plug In=600A X1 UL
Rating plug In=630A T7-T7M-X1|Rating plug In=630A T7-T7M-X1
Rating plug In=800A T7-T7M UL|Rating plug In=800A T7-T7M UL
Rating plug In=800A T7-T7M-X1|Rating plug In=800A T7-T7M-X1
Rating plug RC In=1000A for PR332/PR333 LSIRc T7-T7M-X1|Rating plug RC In=1000A for PR332/PR333 LSIRc T7-T7M-X1
Rating plug RC In=1250A for PR332/PR333 LSIRc T7-T7M-X1|Rating plug RC In=1250A for PR332/PR333 LSIRc T7-T7M-X1
Rating plug RC In=1600A for PR332/PR333 LSIRc X1|Rating plug RC In=1600A for PR332/PR333 LSIRc X1
Rating plug RC In=400A for PR332/PR333 LSIRc T7-T7M-X1|Rating plug RC In=400A for PR332/PR333 LSIRc T7-T7M-X1
Rating plug RC In=630A for PR332/PR333 LSIRc T7-T7M-X1|Rating plug RC In=630A for PR332/PR333 LSIRc T7-T7M-X1
Rating plug RC In=800A for PR332/PR333 LSIRc T7-T7M-X1|Rating plug RC In=800A for PR332/PR333 LSIRc T7-T7M-X1
Rating Plug RC R100 E1.2..E2.2 inst|Rating Plug RC R100 E1.2..E2.2 inst
Rating Plug RC R1250 E1.2..E6.2 inst|Rating Plug RC R1250 E1.2..E6.2 inst
Rating Plug RC R200 E1.2..E2.2 inst|Rating Plug RC R200 E1.2..E2.2 inst
Rating Plug RC R2000 E2.2..E6.2 inst|Rating Plug RC R2000 E2.2..E6.2 inst
Rating Plug RC R250 E1.2..E2.2 inst|Rating Plug RC R250 E1.2..E2.2 inst
Rating Plug RC R3200 E4.2..E6.2 inst|Rating Plug RC R3200 E4.2..E6.2 inst
Rating Plug RC R400 E1.2..E6.2 inst|Rating Plug RC R400 E1.2..E6.2 inst
Rating Plug RC R4000 E4.2..E6.2 inst|Rating Plug RC R4000 E4.2..E6.2 inst
Rating Plug RC R630 E1.2..E6.2 inst|Rating Plug RC R630 E1.2..E6.2 inst
Rating Plug RC R800 E1.2..E6.2 inst|Rating Plug RC R800 E1.2..E6.2 inst
Ready to close auxiliary contacts|Ready to close auxiliary contacts
REAR CABLE TERMINALS|Rückseitige Kabel-Anschlüsse
REAR HORIZONTAL TERMINALS|HR-Rückseitige horizontale Anschlüsse
REAR TERMINALS|Rückseitige Anschlüsse
REAR TERMINALS FOR R.C.|DE Rückseitige Anschlüsse für R.C.
REAR TERMINALS R<100A|Rückseitige Anschlüsse < 100 A
REAR TERMINALS R=100A|DE Rückseitige Anschlüsse = 100 A
REAR VERTICAL TERMINALS|VR-Rückseitige vertikale Anschlüsse
Red|Rot
Reports|Bericht
Reset 110 V AC/DC E1.2|Reset 110 V AC/DC E1.2
Reset 110 V AC/DC E2.2...E6.2|Reset 110 V AC/DC E2.2...E6.2
Reset 24 V DC E1.2|Reset 24 V DC E1.2
Reset 24 V DC E2.2...E6.2|Reset 24 V DC E2.2...E6.2
Reset 250 V AC/DC E1.2|Reset 250 V AC/DC E1.2
Reset 250 V AC/DC E2.2...E6.2|Reset 250 V AC/DC E2.2...E6.2
Results|Ergebnisse
RHD T7 Fixed/Withdrawable - Normal, Direct|Direkt-RHD T7 Festeinbau/Steckbar - Normal, Direkt
RHD_EM T7 Fixed/Withdrawable - Emergency, Direct|Direkt-RHD_EM T7 Festeinbau/Ausfahrbar - Notfall, Direkt
RHE T7 Fixed/Withdrawable - Normal, Returned|Mit Übertragung-RHE T7 Festeinbau/Ausfahrbar - Normal, gedreht
RHE_B T7 Fixed/Withdrawable - Base|Mit Übertragung-RHE_B T7 Festeinbau/Steckbar - Sockel
RHE_EM T7 Fixed/Withdrawable - Emergency, Returned|Mit Übertragung-RHE_EM T7 Festeinbau/Ausfahrbar - Notfall, gedreht
Right|rechts
Right sliding contact blocks for T7-T7M-X1 MP|Rechter Gleitkontakt mobiler Teil T7-T7M-X1 MP
Ringkernstromwandler E1.2 … E6.2 100|Ringkernstromwandler E1.2 … E6.2 100
Ringkernstromwandler E1.2 … E6.2 250|Ringkernstromwandler E1.2 … E6.2 250
Ringkernstromwandler E1.2 … E6.2 400|Ringkernstromwandler E1.2 … E6.2 400
Ringkernstromwandler E1.2 … E6.2 800|Ringkernstromwandler E1.2 … E6.2 800
Ronis 1242 insert and key for standard handle|Ronis Einsatz 1242 + Schlüssel für Stand. Griff
Ronis 405 insert and key for standard handle|Ronis Einsatz 405 + Schlüssel für Stand. Griff
Ronis 455 insert and key for standard handle|Ronis Einsatz 455 + Schlüssel für Stand. Griff
Ronis insert 2432 and key for standard handle|Ronis Einsatz 2432 + Schlüssel für Stand. Griff
Row 1|Reihe 1
Row 2|Reihe 2
RTC 24V DC E1.2|RTC 24V DC E1.2
RTC 24V DC E2.2...E6.2|RTC 24V DC E2.2...E6.2
RTC 250V AC E1.2|RTC 250V AC E1.2
RTC 250V AC E2.2...E6.2|RTC 250V AC E2.2...E6.2
RTC Ekip 24V DC E1.2|RTC Ekip 24V DC E1.2
RTC Ekip 24V DC E2.2...E6.2|RTC Ekip 24V DC E2.2...E6.2
Russia|Russland
S51 24V E1.2|S51 24V E1.2
S51 24V E2.2...E6.2|S51 24V E2.2...E6.2
S51 250V E1.2|S51 250V E1.2
S51 250V E2.2...E6.2|S51 250V E2.2...E6.2
Save Configuration|Konfiguration speichern
SCR T7M-X1 110...120Va.c./d.c.|SCR T7M-X1 110...120Va.c./d.c.
SCR T7M-X1 120...127Va.c./d.c.|SCR T7M-X1 120...127Va.c./d.c.
SCR T7M-X1 220...240Va.c./d.c.|SCR T7M-X1 220...240Va.c./d.c.
SCR T7M-X1 240...250Va.c./d.c.|SCR T7M-X1 240...250Va.c./d.c.
SCR T7M-X1 24Va.c./d.c.|SCR T7M-X1 24Va.c./d.c.
SCR T7M-X1 30Va.c./d.c.|SCR T7M-X1 30Va.c./d.c.
SCR T7M-X1 380...400Va.c.|SCR T7M-X1 380...400Va.c.
SCR T7M-X1 415...440Va.c.|SCR T7M-X1 415...440Va.c.
SCR T7M-X1 480...500Va.c.|SCR T7M-X1 480...500Va.c.
SCR T7M-X1 48Va.c./d.c.|SCR T7M-X1 48Va.c./d.c.
SCR T7M-X1 500...550Va.c.|SCR T7M-X1 500...550Va.c.
SCR T7M-X1 60Va.c./d.c.|SCR T7M-X1 60Va.c./d.c.
Sealable screws T7|Sealable screws T7
Segregation|Unterteilung
Segregation Form|Form der inneren Unterteilung
Selection|Auswahl
Settings|Einstellungen
Show Initial View Point|DE Show Initial View Point
Show/Hide Dimensions|Abmessungen ein-/ausblenden
Shunt closing release|Shunt closing release
Shunt opening release|Shunt opening release
Size|SIZE
SMISSLINE TP|SMISSLINE TP
Smooth|Glatt
SOR T7-T7M-X1 110...120Va.c./d.c.|SOR T7-T7M-X1 110...120Va.c./d.c.
SOR T7-T7M-X1 120...127Va.c./d.c.|SOR T7-T7M-X1 120...127Va.c./d.c.
SOR T7-T7M-X1 220...240Va.c./d.c.|SOR T7-T7M-X1 220...240Va.c./d.c.
SOR T7-T7M-X1 240...250Va.c./d.c.|SOR T7-T7M-X1 240...250Va.c./d.c.
SOR T7-T7M-X1 24Va.c./d.c.|SOR T7-T7M-X1 24Va.c./d.c.
SOR T7-T7M-X1 30Va.c./d.c.|SOR T7-T7M-X1 30Va.c./d.c.
SOR T7-T7M-X1 380...400Va.c.|SOR T7-T7M-X1 380...400Va.c.
SOR T7-T7M-X1 415...440Va.c.|SOR T7-T7M-X1 415...440Va.c.
SOR T7-T7M-X1 480...500Va.c.|SOR T7-T7M-X1 480...500Va.c.
SOR T7-T7M-X1 48Va.c./d.c.|SOR T7-T7M-X1 48Va.c./d.c.
SOR T7-T7M-X1 500...550Va.c.|SOR T7-T7M-X1 500...550Va.c.
SOR T7-T7M-X1 60Va.c./d.c.|SOR T7-T7M-X1 60Va.c./d.c.
SOR TEST UNIT E1.2/6.2|SOR TEST UNIT E1.2/6.2
SOR test unit T7-T7M-X1|SOR test unit T7-T7M-X1
SOR2 T7-T7M-X1 110...120Va.c./d.c.|SOR2 T7-T7M-X1 110...120Va.c./d.c.
SOR2 T7-T7M-X1 120...127Va.c./d.c.|SOR2 T7-T7M-X1 120...127Va.c./d.c.
SOR2 T7-T7M-X1 220...240Va.c./d.c.|SOR2 T7-T7M-X1 220...240Va.c./d.c.
SOR2 T7-T7M-X1 240...250Va.c./d.c.|SOR2 T7-T7M-X1 240...250Va.c./d.c.
SOR2 T7-T7M-X1 24Va.c./d.c.|SOR2 T7-T7M-X1 24Va.c./d.c.
SOR2 T7-T7M-X1 30Va.c./d.c.|SOR2 T7-T7M-X1 30Va.c./d.c.
SOR2 T7-T7M-X1 380...400Va.c.|SOR2 T7-T7M-X1 380...400Va.c.
SOR2 T7-T7M-X1 415...440Va.c.|SOR2 T7-T7M-X1 415...440Va.c.
SOR2 T7-T7M-X1 480...500Va.c.|SOR2 T7-T7M-X1 480...500Va.c.
SOR2 T7-T7M-X1 48Va.c./d.c.|SOR2 T7-T7M-X1 48Va.c./d.c.
SOR2 T7-T7M-X1 500...550Va.c.|SOR2 T7-T7M-X1 500...550Va.c.
SOR2 T7-T7M-X1 60Va.c./d.c.|SOR2 T7-T7M-X1 60Va.c./d.c.
Specification|Angaben
Standard|Standard
Start configuring|Konfiguration starten
Steel sheet flange for earthed cabinets|Stahlblechflansch für geerdete Schränke
Structure|Gerüst
Style|Ausführung
Supplementary shunt opening release|Supplementary shunt opening release
Supply module|Supply module
Sweden|Schweden
Switch disconnector fuse|Lasttrennschalter
Switch Disconnector Fuse Column|Feld für Sicherungsleisten
Switch disconnector OT|OT-Lasttrennschalter
Switchboard|Schaltanlage
Switchboard Elements|Elemente Schaltanlage
Switchboard Name|Name Schaltanlage
Switchboard Quantity|Anzahl Schaltanlage
System|System
System pro E combi|System pro E combi
System pro E comfort|System pro E comfort
System pro E control|System pro E control
System pro E energy|System pro E energy
System pro E power|System pro E power
T7|T7
T7-T7M -40°C special versio|T7-T7M -40°C special version
Terminal|Klemme
Terminals|Klemmen
Textured|strukturiert
There must minimum be 2 columns between corner columns|Zwischen Eckfeldern müssen mindestens 2 andere Felder platziert sein
THERMOMAGN. 10XIth COMPENSATED|THERMOMAGN. 10x Ith COMPENSATED
THERMOMAGNETIC 10XIth|THERMOMAGNETIC 10x Ith
THERMOMAGNETIC 10XIth DC|THERMOMAGNETIC 10x Ith DC
THERMOMAGNETIC 12xIth - MS|THERMOMAGNETIC 12x Ith - MS
THERMOMAGNETIC 5XIth|THERMOMAGNETIC 5x Ith
THERMOMAGNETIC D-CURVE|THERMOMAGNETIC D-CURVE
TMD THERMOMAGNETIC 10XIth|TMD THERMOMAGNETIC 10XIth
TMD-MI ADJUST.THERMOMAGN.50 C|TMD-MI ADJUST.THERMOMAGN.50 C
TMD-MI ADJUST.THERMOMAGNETIC|TMD-MI ADJUST.THERMOMAGNETIC
TMF FIXED THERMOMAGNETIC|TMF FIXED THERMOMAGNETIC
Top|Oben
Top Panel|Deckblech
Toroid for RC protection for PR332/PR333|Toroid for RC protection for PR332/PR333
Touch guard|Berührungsschutz
Trip Reset T7M-X1 110..130Vac/dc for AUX-SA|Trip Reset T7M-X1 110..130Vac/dc for AUX-SA
Trip Reset T7M-X1 200..240Vac/dc for AUX-SA|Trip Reset T7M-X1 200..240Vac/dc for AUX-SA
Trip Reset T7M-X1 24...30Vac/dc for AUX-SA|Trip Reset T7M-X1 24...30Vac/dc for AUX-SA
Trip unit|Trip Unit
Trip unit remote reset command|Trip unit remote reset command
Trip unit tripping signalling|Trip unit tripping signalling
Two corner columns cannot be placed besides each other|Zwei Eckschränke können nicht nebeneinander aufgestellt werden
Type|Typ
Type A horizontal E1.2…E6.|Typ A horizontal E1.2…E6.
Type A interlock of fixed circuit breaker E1.2|Type A interlock of fixed circuit breaker E1.2
Type A interlock on bottom plate of fixed circuit breaker E1.2|Type A interlock on bottom plate of fixed circuit breaker E1.2
Type A vertical E1.2…E6.|Typ A vertikal E1.2…E6.
Type A-B-D interlock of fixed circuit breaker E2.2..E6.2|Type A-B-D interlock of fixed circuit breaker E2.2..E6.2
Type B-C-D horizontal E2.2…E6.|Typ B-C-D horizontal E2.2…E6.
Type B-C-D vertical E2.2…E6.|Typ B-C-D vertikal E2.2…E6.
Type C interlock of fixed circuit breaker E2.2..E6.2|Type C Festeinbau E2.2..E6.2
Undervoltage release|Unterspannungsauslöser
Universal switch disconnector|Lasttrennschalter
UoM|Maßeinheit
Upper internal installed voltage outlets|Anschlüsse Spannungsmessung - Abgriff oben
UPSTREAM CONTACTS|U-Verlängerte Anschlüsse
Usable width for device|Funktionelle Breite für Geräte
User|Anwender
UVD 110..127 V  AC/DC|UVD 110..127 V  AC/DC
UVD 220..250 V  AC/DC|UVD 220..250 V  AC/DC
UVD 24..30 V DC|UVD 24..30 V DC
UVD 48 V  AC/DC|UVD 48 V  AC/DC
UVD 60 V  AC/DC|UVD 60 V  AC/DC
UVD T7-T7M-X1 110...127Va.c./d.c.|UVD T7-T7M-X1 110...127Va.c./d.c.
UVD T7-T7M-X1 220...250Va.c./d.c.|UVD T7-T7M-X1 220...250Va.c./d.c.
UVD T7-T7M-X1 24...30Va.c./d.c.|UVD T7-T7M-X1 24...30Va.c./d.c.
UVD T7-T7M-X1 48Va.c./d.c.|UVD T7-T7M-X1 48Va.c./d.c.
UVD T7-T7M-X1 60Va.c./d.c.|UVD T7-T7M-X1 60Va.c./d.c.
UVR E1.2..E6.2 110-120 V AC/DC|UVR E1.2..E6.2 110-120 V AC/DC
UVR E1.2..E6.2 120-127 V AC/DC|UVR E1.2..E6.2 120-127 V AC/DC
UVR E1.2..E6.2 220-240 V AC/DC|UVR E1.2..E6.2 220-240 V AC/DC
UVR E1.2..E6.2 24 V AC/DC|UVR E1.2..E6.2 24 V AC/DC
UVR E1.2..E6.2 240-250 V AC/DC|UVR E1.2..E6.2 240-250 V AC/DC
UVR E1.2..E6.2 277 V AC|UVR E1.2..E6.2 277 V AC
UVR E1.2..E6.2 30 V AC/DC|UVR E1.2..E6.2 30 V AC/DC
UVR E1.2..E6.2 380-400 V AC|UVR E1.2..E6.2 380-400 V AC
UVR E1.2..E6.2 415-440 V AC|UVR E1.2..E6.2 415-440 V AC
UVR E1.2..E6.2 440-500 V AC|UVR E1.2..E6.2 440-500 V AC
UVR E1.2..E6.2 48 V AC/DC|UVR E1.2..E6.2 48 V AC/DC
UVR E1.2..E6.2 500-550 V AC|UVR E1.2..E6.2 500-550 V AC
UVR E1.2..E6.2 60 V AC/DC|UVR E1.2..E6.2 60 V AC/DC
UVR T7-T7M-X1 110...120Va.c./d.c.|UVR T7-T7M-X1 110...120Va.c./d.c.
UVR T7-T7M-X1 120...127Va.c./d.c.|UVR T7-T7M-X1 120...127Va.c./d.c.
UVR T7-T7M-X1 220...240Va.c./d.c.|UVR T7-T7M-X1 220...240Va.c./d.c.
UVR T7-T7M-X1 240...250Va.c./d.c.|UVR T7-T7M-X1 240...250Va.c./d.c.
UVR T7-T7M-X1 24Va.c./d.c.|UVR T7-T7M-X1 24Va.c./d.c.
UVR T7-T7M-X1 30Va.c./d.c.|UVR T7-T7M-X1 30Va.c./d.c.
UVR T7-T7M-X1 380...400Va.c.|UVR T7-T7M-X1 380...400Va.c.
UVR T7-T7M-X1 415...440Va.c.|UVR T7-T7M-X1 415...440Va.c.
UVR T7-T7M-X1 480...500Va.c.|UVR T7-T7M-X1 480...500Va.c.
UVR T7-T7M-X1 48Va.c./d.c.|UVR T7-T7M-X1 48Va.c./d.c.
UVR T7-T7M-X1 500...550Va.c.|UVR T7-T7M-X1 500...550Va.c.
UVR T7-T7M-X1 60Va.c./d.c.|UVR T7-T7M-X1 60Va.c./d.c.
Valid till|Gültig bis
Validity|Gültigkeit
Vendor|Verkäufer/Lieferant
Version|VERSION
Vertical|Vertikal
View:|Ansicht
Voltage measuring module|Modul - Spannungsmessung
Width|Breite
With cable connection|Mit Kabelanschluss
With Cu|Mit Kupfer
WITHDRAW.S5 400 FOR P/FIX.630|WITHDRAW.S5 400 FOR P/FIX.630
WITHDRAWABLE|Ausfahrbar
WITHDRAWABLE - 1000V|Ausfahrbar - 1000V
WITHDRAWABLE CLOSE DOOR DEVICE|DE WITHDRAWABLE CLOSE DOOR DEVICE
WITHDRAWABLE FIX. PART UL/ANSI|Ausfahrbar Unterteil UL/ANSI
WITHDRAWABLE OPEN DOOR DEVICE|DE WITHDRAWABLE OPEN DOOR DEVICE
WITHDRAWABLE UL/ANSI|Ausfahrbar UL/ANSI
Without Cu|Ohne Kupfer
WITHOUT OVERC.REL.|Ohne Überstromauslöser
X Line Horizontal Column|Abgangsfeld - horizontal
X1 -40°C special versio|X1 -40°C Spezial Version
X1B/E 1000 1000V AC special version|X1B/E 1000 1000V AC special version
X1B/E 1250 1000V AC special version|X1B/E 1250 1000V AC special version
X1B/E 1600 1000V AC special version|X1B/E 1600 1000V AC special version
X1B/E 600 1000V AC special version|X1B/E 600 1000V AC special version
X1B/E 800 1000V AC special version|X1B/E 800 1000V AC special version
Yale insert+key for external door, single door version|Yale Einsatz+Schlüssel für Einzeltür
YC  E1.2..E6.2 110-120 V AC/DC|YC  E1.2..E6.2 110-120 V AC/DC
YC  E1.2..E6.2 120-127 V AC/DC|YC  E1.2..E6.2 120-127 V AC/DC
YC  E1.2..E6.2 220-240 V AC/DC|YC  E1.2..E6.2 220-240 V AC/DC
YC  E1.2..E6.2 24 V AC/DC|YC  E1.2..E6.2 24 V AC/DC
YC  E1.2..E6.2 240-250 V AC/DC|YC  E1.2..E6.2 240-250 V AC/DC
YC  E1.2..E6.2 277 V AC|YC  E1.2..E6.2 277 V AC
YC  E1.2..E6.2 30 V AC/DC|YC  E1.2..E6.2 30 V AC/DC
YC  E1.2..E6.2 380-400 V AC|YC  E1.2..E6.2 380-400 V AC
YC  E1.2..E6.2 415-440 V AC|YC  E1.2..E6.2 415-440 V AC
YC  E1.2..E6.2 440-500 V AC|YC  E1.2..E6.2 440-500 V AC
YC  E1.2..E6.2 48 V AC/DC|YC  E1.2..E6.2 48 V AC/DC
YC  E1.2..E6.2 500-550 V AC|YC  E1.2..E6.2 500-550 V AC
YC  E1.2..E6.2 60 V AC/DC|YC  E1.2..E6.2 60 V AC/DC
YC2  E1.2..E6.2 110-120 V AC/DC|YC2  E1.2..E6.2 110-120 V AC/DC
YC2  E1.2..E6.2 120-127 V AC/DC|YC2  E1.2..E6.2 120-127 V AC/DC
YC2  E1.2..E6.2 220-240 V AC/DC|YC2  E1.2..E6.2 220-240 V AC/DC
YC2  E1.2..E6.2 24 V AC/DC|YC2  E1.2..E6.2 24 V AC/DC
YC2  E1.2..E6.2 240-250 V AC/DC|YC2  E1.2..E6.2 240-250 V AC/DC
YC2  E1.2..E6.2 277 V AC|YC2  E1.2..E6.2 277 V AC
YC2  E1.2..E6.2 30 V AC/DC|YC2  E1.2..E6.2 30 V AC/DC
YC2  E1.2..E6.2 380-400 V AC|YC2  E1.2..E6.2 380-400 V AC
YC2  E1.2..E6.2 415-440 V AC|YC2  E1.2..E6.2 415-440 V AC
YC2  E1.2..E6.2 440-500 V AC|YC2  E1.2..E6.2 440-500 V AC
YC2  E1.2..E6.2 48 V AC/DC|YC2  E1.2..E6.2 48 V AC/DC
YC2  E1.2..E6.2 500-550 V AC|YC2  E1.2..E6.2 500-550 V AC
YC2  E1.2..E6.2 60 V AC/DC|YC2  E1.2..E6.2 60 V AC/DC
Yes|Ja
YO  E1.2..E6.2 110-120 V AC/DC|YO  E1.2..E6.2 110-120 V AC/DC
YO  E1.2..E6.2 120-127 V AC/DC|YO  E1.2..E6.2 120-127 V AC/DC
YO  E1.2..E6.2 220-240 V AC/DC|YO  E1.2..E6.2 220-240 V AC/DC
YO  E1.2..E6.2 24 V AC/DC|YO  E1.2..E6.2 24 V AC/DC
YO  E1.2..E6.2 240-250 V AC/DC|YO  E1.2..E6.2 240-250 V AC/DC
YO  E1.2..E6.2 277 V AC|YO  E1.2..E6.2 277 V AC
YO  E1.2..E6.2 30 V AC/DC|YO  E1.2..E6.2 30 V AC/DC
YO  E1.2..E6.2 380-400 V AC|YO  E1.2..E6.2 380-400 V AC
YO  E1.2..E6.2 415-440 V AC|YO  E1.2..E6.2 415-440 V AC
YO  E1.2..E6.2 440-500 V AC|YO  E1.2..E6.2 440-500 V AC
YO  E1.2..E6.2 48 V AC/DC|YO  E1.2..E6.2 48 V AC/DC
YO  E1.2..E6.2 500-550 V AC|YO  E1.2..E6.2 500-550 V AC
YO  E1.2..E6.2 60 V AC/DC|YO  E1.2..E6.2 60 V AC/DC
YO2  E1.2..E6.2 110-120 V AC/DC|YO2  E1.2..E6.2 110-120 V AC/DC
YO2  E1.2..E6.2 120-127 V AC/DC|YO2  E1.2..E6.2 120-127 V AC/DC
YO2  E1.2..E6.2 220-240 V AC/DC|YO2  E1.2..E6.2 220-240 V AC/DC
YO2  E1.2..E6.2 24 V AC/DC|YO2  E1.2..E6.2 24 V AC/DC
YO2  E1.2..E6.2 240-250 V AC/DC|YO2  E1.2..E6.2 240-250 V AC/DC
YO2  E1.2..E6.2 277 V AC|YO2  E1.2..E6.2 277 V AC
YO2  E1.2..E6.2 30 V AC/DC|YO2  E1.2..E6.2 30 V AC/DC
YO2  E1.2..E6.2 380-400 V AC|YO2  E1.2..E6.2 380-400 V AC
YO2  E1.2..E6.2 415-440 V AC|YO2  E1.2..E6.2 415-440 V AC
YO2  E1.2..E6.2 440-500 V AC|YO2  E1.2..E6.2 440-500 V AC
YO2  E1.2..E6.2 48 V AC/DC|YO2  E1.2..E6.2 48 V AC/DC
YO2  E1.2..E6.2 500-550 V AC|YO2  E1.2..E6.2 500-550 V AC
YO2  E1.2..E6.2 60 V AC/DC|YO2  E1.2..E6.2 60 V AC/DC
Zip code|Postleitzahl
